file_name;column;value;flag_details
F_SAS_GARANTIE_BM.csv;SGAR_GAD_TAUX_APPEL_TTC;0;Value '0' is not a decimal number
F_SAS_GARANTIE_BM.csv;SGAR_GAD_TAUX_APPEL_TTC;1;Value '1' is not a decimal number
F_SAS_GARANTIE_BM.csv;SGAR_GAD_TAUX_APPEL_TTC;2;Value '2' is not a decimal number
F_SAS_GARANTIE_BM.csv;SGAR_GAD_TAUX_APPEL_TTC;3;Value '3' is not a decimal number
F_SAS_GARANTIE_BM.csv;SGAR_GAD_TAUX_APPEL_TTC;.13;Value '.13' does not correspond to the number format (16,4)
F_SAS_GARANTIE_BM.csv;SGAR_GAD_TAUX_APPEL_TTC;.73;Value '.73' does not correspond to the number format (16,4)
F_SAS_GARANTIE_BM.csv;SGAR_GAD_TAUX_APPEL_TTC;.53;Value '.53' does not correspond to the number format (16,4)
F_SAS_GARANTIE_BM.csv;SGAR_GAD_TAUX_APPEL_TTC;.2;Value '.2' does not correspond to the number format (16,4)
F_SAS_GARANTIE_BM.csv;SGAR_GAD_TAUX_APPEL_TTC;.15;Value '.15' does not correspond to the number format (16,4)
F_SAS_GARANTIE_BM.csv;SGAR_GAD_TAUX_APPEL_TTC;.8;Value '.8' does not correspond to the number format (16,4)
F_SAS_GARANTIE_BM.csv;SGAR_GAD_TAUX_APPEL_TTC;.1;Value '.1' does not correspond to the number format (16,4)
F_SAS_GARANTIE_BM.csv;SGAR_GAD_TAUX_APPEL_TTC;.25;Value '.25' does not correspond to the number format (16,4)
F_SAS_GARANTIE_BM.csv;SGAR_GAD_TAUX_APPEL_TTC;.12;Value '.12' does not correspond to the number format (16,4)
F_SAS_GARANTIE_BM.csv;SGAR_GAD_TAUX_APPEL_TTC;.024;Value '.024' does not correspond to the number format (16,4)
F_SAS_GARANTIE_BM.csv;SGAR_GAD_TAUX_APPEL_TTC;.18;Value '.18' does not correspond to the number format (16,4)
F_SAS_GARANTIE_BM.csv;SGAR_GAD_TAUX_APPEL_TTC;.54;Value '.54' does not correspond to the number format (16,4)
F_SAS_GARANTIE_BM.csv;SGAR_GAD_TAUX_APPEL_TTC;.27;Value '.27' does not correspond to the number format (16,4)
F_SAS_GARANTIE_BM.csv;SGAR_GAD_TAUX_APPEL_TTC;.006;Value '.006' does not correspond to the number format (16,4)
F_SAS_GARANTIE_BM.csv;SGAR_GAD_TAUX_APPEL_TTC;.34;Value '.34' does not correspond to the number format (16,4)
F_SAS_GARANTIE_BM.csv;SGAR_GAD_TAUX_APPEL_TTC;.23;Value '.23' does not correspond to the number format (16,4)
F_SAS_GARANTIE_BM.csv;SGAR_GAD_TAUX_APPEL_TTC;.5;Value '.5' does not correspond to the number format (16,4)
F_SAS_GARANTIE_BM.csv;SGAR_GAD_TAUX_APPEL_TTC;.01;Value '.01' does not correspond to the number format (16,4)
F_SAS_GARANTIE_BM.csv;SGAR_GAD_TAUX_APPEL_TTC;.56;Value '.56' does not correspond to the number format (16,4)
F_SAS_GARANTIE_BM.csv;SGAR_GAD_TAUX_APPEL_TTC;.52;Value '.52' does not correspond to the number format (16,4)
F_SAS_GARANTIE_BM.csv;SGAR_GAD_TAUX_APPEL_TTC;.36;Value '.36' does not correspond to the number format (16,4)
F_SAS_GARANTIE_BM.csv;SGAR_GAD_TAUX_APPEL_TTC;.034;Value '.034' does not correspond to the number format (16,4)
F_SAS_GARANTIE_BM.csv;SGAR_GAD_TAUX_APPEL_TTC;.79;Value '.79' does not correspond to the number format (16,4)
F_SAS_GARANTIE_BM.csv;SGAR_GAD_TAUX_APPEL_TTC;.58;Value '.58' does not correspond to the number format (16,4)
F_SAS_GARANTIE_BM.csv;SGAR_GAD_TAUX_APPEL_TTC;.88;Value '.88' does not correspond to the number format (16,4)
F_SAS_GARANTIE_BM.csv;SGAR_GAD_TAUX_APPEL_TTC;.87;Value '.87' does not correspond to the number format (16,4)
F_SAS_GARANTIE_BM.csv;SGAR_GAD_TAUX_APPEL_TTC;.16;Value '.16' does not correspond to the number format (16,4)
F_SAS_GARANTIE_BM.csv;SGAR_GAD_TAUX_APPEL_TTC;.24;Value '.24' does not correspond to the number format (16,4)
F_SAS_GARANTIE_BM.csv;SGAR_GAD_TAUX_APPEL_TTC;.68;Value '.68' does not correspond to the number format (16,4)
F_SAS_GARANTIE_BM.csv;SGAR_GAD_TAUX_APPEL_TTC;.45;Value '.45' does not correspond to the number format (16,4)
F_SAS_GARANTIE_BM.csv;SGAR_GAD_TAUX_APPEL_TTC;.21;Value '.21' does not correspond to the number format (16,4)
F_SAS_GARANTIE_BM.csv;SGAR_GAD_TAUX_APPEL_TTC;.38;Value '.38' does not correspond to the number format (16,4)
F_SAS_GARANTIE_BM.csv;SGAR_GAD_TAUX_APPEL_TTC;.28;Value '.28' does not correspond to the number format (16,4)
F_SAS_GARANTIE_BM.csv;SGAR_GAD_TAUX_APPEL_TTC;.65;Value '.65' does not correspond to the number format (16,4)
F_SAS_GARANTIE_BM.csv;SGAR_GAD_TAUX_APPEL_TTC;.02;Value '.02' does not correspond to the number format (16,4)
F_SAS_GARANTIE_BM.csv;SGAR_GAD_TAUX_APPEL_TTC;.31;Value '.31' does not correspond to the number format (16,4)
F_SAS_GARANTIE_BM.csv;SGAR_GAD_TAUX_APPEL_TTC;.77;Value '.77' does not correspond to the number format (16,4)
F_SAS_GARANTIE_BM.csv;SGAR_GAD_TAUX_APPEL_TTC;.39;Value '.39' does not correspond to the number format (16,4)
F_SAS_GARANTIE_BM.csv;SGAR_GAD_TAUX_APPEL_TTC;.35;Value '.35' does not correspond to the number format (16,4)
F_SAS_GARANTIE_BM.csv;SGAR_GAD_TAUX_APPEL_TTC;.61;Value '.61' does not correspond to the number format (16,4)
F_SAS_GARANTIE_BM.csv;SGAR_GAD_TAUX_APPEL_TTC;.26;Value '.26' does not correspond to the number format (16,4)
F_SAS_GARANTIE_BM.csv;SGAR_GAD_TAUX_APPEL_TTC;.46;Value '.46' does not correspond to the number format (16,4)
F_SAS_GARANTIE_BM.csv;SGAR_GAD_TAUX_APPEL_TTC;.4;Value '.4' does not correspond to the number format (16,4)
F_SAS_GARANTIE_BM.csv;SGAR_GAD_TAUX_APPEL_TTC;.62;Value '.62' does not correspond to the number format (16,4)
F_SAS_GARANTIE_BM.csv;SGAR_GAD_TAUX_APPEL_TTC;.29;Value '.29' does not correspond to the number format (16,4)
F_SAS_GARANTIE_BM.csv;SGAR_GAD_TAUX_APPEL_TTC;.03;Value '.03' does not correspond to the number format (16,4)
F_SAS_GARANTIE_BM.csv;SGAR_GAD_TAUX_APPEL_TTC;.37;Value '.37' does not correspond to the number format (16,4)
F_SAS_GARANTIE_BM.csv;SGAR_GAD_TAUX_APPEL_TTC;.51;Value '.51' does not correspond to the number format (16,4)
F_SAS_GARANTIE_BM.csv;SGAR_GAD_TAUX_APPEL_TTC;.71;Value '.71' does not correspond to the number format (16,4)
F_SAS_GARANTIE_BM.csv;SGAR_GAD_TAUX_APPEL_TTC;.17;Value '.17' does not correspond to the number format (16,4)
F_SAS_GARANTIE_BM.csv;SGAR_GAD_TAUX_APPEL_TTC;.98;Value '.98' does not correspond to the number format (16,4)
F_SAS_GARANTIE_BM.csv;SGAR_GAD_TAUX_APPEL_TTC;.3;Value '.3' does not correspond to the number format (16,4)
F_SAS_GARANTIE_BM.csv;SGAR_GAD_TAUX_APPEL_TTC;.59;Value '.59' does not correspond to the number format (16,4)
F_SAS_GARANTIE_BM.csv;SGAR_GAD_TAUX_APPEL_TTC;.91;Value '.91' does not correspond to the number format (16,4)
F_SAS_GARANTIE_BM.csv;SGAR_GAD_TAUX_APPEL_TTC;.09;Value '.09' does not correspond to the number format (16,4)
F_SAS_GARANTIE_BM.csv;SGAR_GAD_TAUX_APPEL_TTC;.66;Value '.66' does not correspond to the number format (16,4)
F_SAS_GARANTIE_BM.csv;SGAR_GAD_TAUX_APPEL_TTC;.97;Value '.97' does not correspond to the number format (16,4)
F_SAS_GARANTIE_BM.csv;SGAR_GAD_TAUX_APPEL_TTC;.036;Value '.036' does not correspond to the number format (16,4)
F_SAS_GARANTIE_BM.csv;SGAR_GAD_TAUX_APPEL_TTC;.14;Value '.14' does not correspond to the number format (16,4)
F_SAS_GARANTIE_BM.csv;SGAR_GAD_TAUX_APPEL_TTC;.69;Value '.69' does not correspond to the number format (16,4)
F_SAS_GARANTIE_BM.csv;SGAR_GAD_TAUX_APPEL_TTC;.78;Value '.78' does not correspond to the number format (16,4)
F_SAS_GARANTIE_BM.csv;SGAR_GAD_TAUX_APPEL_TTC;.75;Value '.75' does not correspond to the number format (16,4)
F_SAS_GARANTIE_BM.csv;SGAR_GAD_TAUX_APPEL_TTC;.42;Value '.42' does not correspond to the number format (16,4)
F_SAS_GARANTIE_BM.csv;SGAR_GAD_TAUX_APPEL_TTC;.41;Value '.41' does not correspond to the number format (16,4)
F_SAS_GARANTIE_BM.csv;SGAR_GAD_TAUX_APPEL_TTC;.005;Value '.005' does not correspond to the number format (16,4)
F_SAS_GARANTIE_BM.csv;SGAR_GAD_TAUX_APPEL_TTC;.08;Value '.08' does not correspond to the number format (16,4)
F_SAS_GARANTIE_BM.csv;SGAR_GAD_TAUX_APPEL_TTC;.63;Value '.63' does not correspond to the number format (16,4)
F_SAS_GARANTIE_BM.csv;SGAR_GAD_TAUX_APPEL_TTC;.19;Value '.19' does not correspond to the number format (16,4)
F_SAS_GARANTIE_BM.csv;SGAR_GAD_TAUX_APPEL_TTC;.9;Value '.9' does not correspond to the number format (16,4)
F_SAS_GARANTIE_BM.csv;SGAR_GAD_TAUX_APPEL_TTC;.76;Value '.76' does not correspond to the number format (16,4)
F_SAS_GARANTIE_BM.csv;SGAR_GAD_TAUX_APPEL_TTC;.72;Value '.72' does not correspond to the number format (16,4)
F_SAS_GARANTIE_BM.csv;SGAR_GAD_TAUX_APPEL_TTC;.22;Value '.22' does not correspond to the number format (16,4)
F_SAS_GARANTIE_BM.csv;SGAR_GAD_TAUX_APPEL_TTC;.47;Value '.47' does not correspond to the number format (16,4)
F_SAS_GARANTIE_BM.csv;SGAR_GAD_TAUX_APPEL_TTC;.48;Value '.48' does not correspond to the number format (16,4)
F_SAS_GARANTIE_BM.csv;SGAR_GAD_TAUX_APPEL_TTC;.67;Value '.67' does not correspond to the number format (16,4)
F_SAS_GARANTIE_BM.csv;SGAR_GAD_TAUX_APPEL_TTC;.64;Value '.64' does not correspond to the number format (16,4)
F_SAS_GARANTIE_BM.csv;SGAR_GAD_TAUX_APPEL_TTC;.55;Value '.55' does not correspond to the number format (16,4)
F_SAS_GARANTIE_BM.csv;SGAR_GAD_TAUX_APPEL_TTC;.81;Value '.81' does not correspond to the number format (16,4)
F_SAS_GARANTIE_BM.csv;SGAR_GAD_TAUX_APPEL_TTC;.7;Value '.7' does not correspond to the number format (16,4)
F_SAS_GARANTIE_BM.csv;SGAR_GAD_TAUX_APPEL_TTC;.6;Value '.6' does not correspond to the number format (16,4)
F_SAS_GARANTIE_BM.csv;SGAR_GAD_TAUX_APPEL_TTC;.93;Value '.93' does not correspond to the number format (16,4)
F_SAS_GARANTIE_BM.csv;SGAR_GAD_TAUX_APPEL_TTC;.11;Value '.11' does not correspond to the number format (16,4)
F_SAS_GARANTIE_BM.csv;SGAR_GAD_TAUX_APPEL_TTC;.84;Value '.84' does not correspond to the number format (16,4)
F_SAS_GARANTIE_BM.csv;SGAR_GAD_TAUX_APPEL_TTC;.86;Value '.86' does not correspond to the number format (16,4)
F_SAS_GARANTIE_BM.csv;SGAR_GAD_TAUX_APPEL_TTC;.029;Value '.029' does not correspond to the number format (16,4)
F_SAS_GARANTIE_BM.csv;SGAR_GAD_TAUX_APPEL_TTC;.89;Value '.89' does not correspond to the number format (16,4)
F_SAS_GARANTIE_BM.csv;SGAR_GAD_TAUX_APPEL_TTC;.96;Value '.96' does not correspond to the number format (16,4)
F_SAS_GARANTIE_BM.csv;SGAR_GAD_TAUX_APPEL_TTC;.33;Value '.33' does not correspond to the number format (16,4)
F_SAS_GARANTIE_BM.csv;SGAR_GAD_TAUX_APPEL_TTC;.92;Value '.92' does not correspond to the number format (16,4)
F_SAS_GARANTIE_BM.csv;SGAR_GAD_TAUX_APPEL_TTC;.49;Value '.49' does not correspond to the number format (16,4)
F_SAS_GARANTIE_BM.csv;SGAR_GAD_TAUX_APPEL_TTC;.32;Value '.32' does not correspond to the number format (16,4)
F_SAS_GARANTIE_BM.csv;SGAR_GAD_TAUX_APPEL_TTC;.85;Value '.85' does not correspond to the number format (16,4)
F_SAS_GARANTIE_BM.csv;SGAR_GAD_TAUX_APPEL_TTC;.57;Value '.57' does not correspond to the number format (16,4)
F_SAS_GARANTIE_BM.csv;SGAR_GAD_TAUX_APPEL_TTC;.94;Value '.94' does not correspond to the number format (16,4)
F_SAS_GARANTIE_BM.csv;SGAR_GAD_TAUX_APPEL_TTC;.44;Value '.44' does not correspond to the number format (16,4)
F_SAS_GARANTIE_BM.csv;SGAR_GAD_TAUX_APPEL_TTC;.82;Value '.82' does not correspond to the number format (16,4)
F_SAS_GARANTIE_BM.csv;SGAR_GAD_TAUX_APPEL_TTC;.06;Value '.06' does not correspond to the number format (16,4)
F_SAS_GARANTIE_BM.csv;SGAR_GAD_TAUX_APPEL_TTC;.07;Value '.07' does not correspond to the number format (16,4)
F_SAS_GARANTIE_BM.csv;SGAR_GAD_TAUX_APPEL_TTC;.023;Value '.023' does not correspond to the number format (16,4)
F_SAS_GARANTIE_BM.csv;SGAR_GAD_TAUX_APPEL_TTC;.43;Value '.43' does not correspond to the number format (16,4)
F_SAS_GARANTIE_BM.csv;SGAR_GAD_TAUX_APPEL_TTC;.83;Value '.83' does not correspond to the number format (16,4)
F_SAS_GARANTIE_BM.csv;SGAR_GAD_TAUX_APPEL_TTC;.74;Value '.74' does not correspond to the number format (16,4)
F_SAS_GARANTIE_BM.csv;SGAR_GAD_TAUX_APPEL_TTC;.026;Value '.026' does not correspond to the number format (16,4)
F_SAS_GARANTIE_BM.csv;SGAR_GAD_TAUX_APPEL_TTC;.019;Value '.019' does not correspond to the number format (16,4)
F_SAS_GARANTIE_BM.csv;SGAR_GAD_TAUX_APPEL_TTC;.031;Value '.031' does not correspond to the number format (16,4)
F_SAS_GARANTIE_BM.csv;SGAR_GAD_TAUX_APPEL_TTC;.99;Value '.99' does not correspond to the number format (16,4)
F_SAS_GARANTIE_BM.csv;SGAR_GAD_TAUX_APPEL_TTC;.032;Value '.032' does not correspond to the number format (16,4)
F_SAS_GARANTIE_BM.csv;SGAR_GAD_TAUX_APPEL_TTC;.95;Value '.95' does not correspond to the number format (16,4)
F_SAS_GARANTIE_BM.csv;SGAR_GAD_TAUX_APPEL_TTC;.022;Value '.022' does not correspond to the number format (16,4)
F_SAS_GARANTIE_BM.csv;SGAR_GAD_TAUX_APPEL_TTC;.009;Value '.009' does not correspond to the number format (16,4)
F_SAS_GARANTIE_BM.csv;SGAR_GAD_TAUX_APPEL_TTC;.007;Value '.007' does not correspond to the number format (16,4)
F_SAS_GARANTIE_BM.csv;SGAR_GAD_TAUX_APPEL_TTC;.033;Value '.033' does not correspond to the number format (16,4)
F_SAS_GARANTIE_BM.csv;SGAR_GAD_TAUX_APPEL_TTC;.021;Value '.021' does not correspond to the number format (16,4)
F_SAS_GARANTIE_BM.csv;SGAR_GAD_TAUX_APPEL_TTC;.027;Value '.027' does not correspond to the number format (16,4)
F_SAS_GARANTIE_BM.csv;SGAR_GAD_TAUX_APPEL_TTC;.04;Value '.04' does not correspond to the number format (16,4)
F_SAS_GARANTIE_BM.csv;SGAR_GAD_TAUX_APPEL_TTC;.008;Value '.008' does not correspond to the number format (16,4)
F_SAS_GARANTIE_BM.csv;SGAR_GAD_TAUX_APPEL_TTC;.051;Value '.051' does not correspond to the number format (16,4)
F_SAS_GARANTIE_BM.csv;SGAR_GAD_TAUX_APPEL_TTC;.035;Value '.035' does not correspond to the number format (16,4)
F_SAS_GARANTIE_BM.csv;SGAR_GAD_TAUX_APPEL_TTC;.037;Value '.037' does not correspond to the number format (16,4)
F_SAS_GARANTIE_BM.csv;SGAR_GAD_TAUX_APPEL_TTC;.041;Value '.041' does not correspond to the number format (16,4)
F_SAS_GARANTIE_BM.csv;SGAR_GAD_TAUX_APPEL_TTC;.028;Value '.028' does not correspond to the number format (16,4)
F_SAS_GARANTIE_BM.csv;SGAR_GAD_TAUX_APPEL_TTC;.049;Value '.049' does not correspond to the number format (16,4)
F_SAS_GARANTIE_BM.csv;SGAR_GAD_TAUX_APPEL_TTC;.042;Value '.042' does not correspond to the number format (16,4)
F_SAS_GARANTIE_BM.csv;SGAR_GAD_TAUX_APPEL_TTC;.05;Value '.05' does not correspond to the number format (16,4)
F_SAS_GARANTIE_BM.csv;SGAR_GAD_TAUX_APPEL_TTC;.025;Value '.025' does not correspond to the number format (16,4)
F_SAS_GARANTIE_BM.csv;SGAR_GAD_TAUX_APPEL_TTC;.043;Value '.043' does not correspond to the number format (16,4)
F_SAS_GARANTIE_BM.csv;SGAR_GAD_TAUX_APPEL_TTC;.004;Value '.004' does not correspond to the number format (16,4)
F_SAS_GARANTIE_BM.csv;SGAR_GAD_TAUX_APPEL_TTC;.011;Value '.011' does not correspond to the number format (16,4)
F_SAS_GARANTIE_BM.csv;SGAR_GAD_TAUX_APPEL_TTC;.044;Value '.044' does not correspond to the number format (16,4)
F_SAS_GARANTIE_BM.csv;SGAR_GAD_TAUX_APPEL_TTC;.017;Value '.017' does not correspond to the number format (16,4)
F_SAS_GARANTIE_BM.csv;SGAR_GAD_TAUX_CONTRACTUEL_TTC;0;Value '0' is not a decimal number
F_SAS_GARANTIE_BM.csv;SGAR_GAD_TAUX_CONTRACTUEL_TTC;1;Value '1' is not a decimal number
F_SAS_GARANTIE_BM.csv;SGAR_GAD_TAUX_CONTRACTUEL_TTC;2;Value '2' is not a decimal number
F_SAS_GARANTIE_BM.csv;SGAR_GAD_TAUX_CONTRACTUEL_TTC;3;Value '3' is not a decimal number
F_SAS_GARANTIE_BM.csv;SGAR_GAD_TAUX_CONTRACTUEL_TTC;.13;Value '.13' does not correspond to the number format (16,4)
F_SAS_GARANTIE_BM.csv;SGAR_GAD_TAUX_CONTRACTUEL_TTC;.73;Value '.73' does not correspond to the number format (16,4)
F_SAS_GARANTIE_BM.csv;SGAR_GAD_TAUX_CONTRACTUEL_TTC;.53;Value '.53' does not correspond to the number format (16,4)
F_SAS_GARANTIE_BM.csv;SGAR_GAD_TAUX_CONTRACTUEL_TTC;.2;Value '.2' does not correspond to the number format (16,4)
F_SAS_GARANTIE_BM.csv;SGAR_GAD_TAUX_CONTRACTUEL_TTC;.15;Value '.15' does not correspond to the number format (16,4)
F_SAS_GARANTIE_BM.csv;SGAR_GAD_TAUX_CONTRACTUEL_TTC;.8;Value '.8' does not correspond to the number format (16,4)
F_SAS_GARANTIE_BM.csv;SGAR_GAD_TAUX_CONTRACTUEL_TTC;.1;Value '.1' does not correspond to the number format (16,4)
F_SAS_GARANTIE_BM.csv;SGAR_GAD_TAUX_CONTRACTUEL_TTC;.25;Value '.25' does not correspond to the number format (16,4)
F_SAS_GARANTIE_BM.csv;SGAR_GAD_TAUX_CONTRACTUEL_TTC;.12;Value '.12' does not correspond to the number format (16,4)
F_SAS_GARANTIE_BM.csv;SGAR_GAD_TAUX_CONTRACTUEL_TTC;.024;Value '.024' does not correspond to the number format (16,4)
F_SAS_GARANTIE_BM.csv;SGAR_GAD_TAUX_CONTRACTUEL_TTC;.18;Value '.18' does not correspond to the number format (16,4)
F_SAS_GARANTIE_BM.csv;SGAR_GAD_TAUX_CONTRACTUEL_TTC;.54;Value '.54' does not correspond to the number format (16,4)
F_SAS_GARANTIE_BM.csv;SGAR_GAD_TAUX_CONTRACTUEL_TTC;.27;Value '.27' does not correspond to the number format (16,4)
F_SAS_GARANTIE_BM.csv;SGAR_GAD_TAUX_CONTRACTUEL_TTC;.006;Value '.006' does not correspond to the number format (16,4)
F_SAS_GARANTIE_BM.csv;SGAR_GAD_TAUX_CONTRACTUEL_TTC;.34;Value '.34' does not correspond to the number format (16,4)
F_SAS_GARANTIE_BM.csv;SGAR_GAD_TAUX_CONTRACTUEL_TTC;.23;Value '.23' does not correspond to the number format (16,4)
F_SAS_GARANTIE_BM.csv;SGAR_GAD_TAUX_CONTRACTUEL_TTC;.5;Value '.5' does not correspond to the number format (16,4)
F_SAS_GARANTIE_BM.csv;SGAR_GAD_TAUX_CONTRACTUEL_TTC;.01;Value '.01' does not correspond to the number format (16,4)
F_SAS_GARANTIE_BM.csv;SGAR_GAD_TAUX_CONTRACTUEL_TTC;.56;Value '.56' does not correspond to the number format (16,4)
F_SAS_GARANTIE_BM.csv;SGAR_GAD_TAUX_CONTRACTUEL_TTC;.52;Value '.52' does not correspond to the number format (16,4)
F_SAS_GARANTIE_BM.csv;SGAR_GAD_TAUX_CONTRACTUEL_TTC;.36;Value '.36' does not correspond to the number format (16,4)
F_SAS_GARANTIE_BM.csv;SGAR_GAD_TAUX_CONTRACTUEL_TTC;.034;Value '.034' does not correspond to the number format (16,4)
F_SAS_GARANTIE_BM.csv;SGAR_GAD_TAUX_CONTRACTUEL_TTC;.79;Value '.79' does not correspond to the number format (16,4)
F_SAS_GARANTIE_BM.csv;SGAR_GAD_TAUX_CONTRACTUEL_TTC;.58;Value '.58' does not correspond to the number format (16,4)
F_SAS_GARANTIE_BM.csv;SGAR_GAD_TAUX_CONTRACTUEL_TTC;.88;Value '.88' does not correspond to the number format (16,4)
F_SAS_GARANTIE_BM.csv;SGAR_GAD_TAUX_CONTRACTUEL_TTC;.87;Value '.87' does not correspond to the number format (16,4)
F_SAS_GARANTIE_BM.csv;SGAR_GAD_TAUX_CONTRACTUEL_TTC;.16;Value '.16' does not correspond to the number format (16,4)
F_SAS_GARANTIE_BM.csv;SGAR_GAD_TAUX_CONTRACTUEL_TTC;.24;Value '.24' does not correspond to the number format (16,4)
F_SAS_GARANTIE_BM.csv;SGAR_GAD_TAUX_CONTRACTUEL_TTC;.68;Value '.68' does not correspond to the number format (16,4)
F_SAS_GARANTIE_BM.csv;SGAR_GAD_TAUX_CONTRACTUEL_TTC;.45;Value '.45' does not correspond to the number format (16,4)
F_SAS_GARANTIE_BM.csv;SGAR_GAD_TAUX_CONTRACTUEL_TTC;.21;Value '.21' does not correspond to the number format (16,4)
F_SAS_GARANTIE_BM.csv;SGAR_GAD_TAUX_CONTRACTUEL_TTC;.38;Value '.38' does not correspond to the number format (16,4)
F_SAS_GARANTIE_BM.csv;SGAR_GAD_TAUX_CONTRACTUEL_TTC;.28;Value '.28' does not correspond to the number format (16,4)
F_SAS_GARANTIE_BM.csv;SGAR_GAD_TAUX_CONTRACTUEL_TTC;.65;Value '.65' does not correspond to the number format (16,4)
F_SAS_GARANTIE_BM.csv;SGAR_GAD_TAUX_CONTRACTUEL_TTC;.02;Value '.02' does not correspond to the number format (16,4)
F_SAS_GARANTIE_BM.csv;SGAR_GAD_TAUX_CONTRACTUEL_TTC;.31;Value '.31' does not correspond to the number format (16,4)
F_SAS_GARANTIE_BM.csv;SGAR_GAD_TAUX_CONTRACTUEL_TTC;.77;Value '.77' does not correspond to the number format (16,4)
F_SAS_GARANTIE_BM.csv;SGAR_GAD_TAUX_CONTRACTUEL_TTC;.39;Value '.39' does not correspond to the number format (16,4)
F_SAS_GARANTIE_BM.csv;SGAR_GAD_TAUX_CONTRACTUEL_TTC;.35;Value '.35' does not correspond to the number format (16,4)
F_SAS_GARANTIE_BM.csv;SGAR_GAD_TAUX_CONTRACTUEL_TTC;.61;Value '.61' does not correspond to the number format (16,4)
F_SAS_GARANTIE_BM.csv;SGAR_GAD_TAUX_CONTRACTUEL_TTC;.26;Value '.26' does not correspond to the number format (16,4)
F_SAS_GARANTIE_BM.csv;SGAR_GAD_TAUX_CONTRACTUEL_TTC;.46;Value '.46' does not correspond to the number format (16,4)
F_SAS_GARANTIE_BM.csv;SGAR_GAD_TAUX_CONTRACTUEL_TTC;.4;Value '.4' does not correspond to the number format (16,4)
F_SAS_GARANTIE_BM.csv;SGAR_GAD_TAUX_CONTRACTUEL_TTC;.62;Value '.62' does not correspond to the number format (16,4)
F_SAS_GARANTIE_BM.csv;SGAR_GAD_TAUX_CONTRACTUEL_TTC;.29;Value '.29' does not correspond to the number format (16,4)
F_SAS_GARANTIE_BM.csv;SGAR_GAD_TAUX_CONTRACTUEL_TTC;.03;Value '.03' does not correspond to the number format (16,4)
F_SAS_GARANTIE_BM.csv;SGAR_GAD_TAUX_CONTRACTUEL_TTC;.37;Value '.37' does not correspond to the number format (16,4)
F_SAS_GARANTIE_BM.csv;SGAR_GAD_TAUX_CONTRACTUEL_TTC;.51;Value '.51' does not correspond to the number format (16,4)
F_SAS_GARANTIE_BM.csv;SGAR_GAD_TAUX_CONTRACTUEL_TTC;.71;Value '.71' does not correspond to the number format (16,4)
F_SAS_GARANTIE_BM.csv;SGAR_GAD_TAUX_CONTRACTUEL_TTC;.17;Value '.17' does not correspond to the number format (16,4)
F_SAS_GARANTIE_BM.csv;SGAR_GAD_TAUX_CONTRACTUEL_TTC;.98;Value '.98' does not correspond to the number format (16,4)
F_SAS_GARANTIE_BM.csv;SGAR_GAD_TAUX_CONTRACTUEL_TTC;.3;Value '.3' does not correspond to the number format (16,4)
F_SAS_GARANTIE_BM.csv;SGAR_GAD_TAUX_CONTRACTUEL_TTC;.59;Value '.59' does not correspond to the number format (16,4)
F_SAS_GARANTIE_BM.csv;SGAR_GAD_TAUX_CONTRACTUEL_TTC;.91;Value '.91' does not correspond to the number format (16,4)
F_SAS_GARANTIE_BM.csv;SGAR_GAD_TAUX_CONTRACTUEL_TTC;.09;Value '.09' does not correspond to the number format (16,4)
F_SAS_GARANTIE_BM.csv;SGAR_GAD_TAUX_CONTRACTUEL_TTC;.66;Value '.66' does not correspond to the number format (16,4)
F_SAS_GARANTIE_BM.csv;SGAR_GAD_TAUX_CONTRACTUEL_TTC;.97;Value '.97' does not correspond to the number format (16,4)
F_SAS_GARANTIE_BM.csv;SGAR_GAD_TAUX_CONTRACTUEL_TTC;.036;Value '.036' does not correspond to the number format (16,4)
F_SAS_GARANTIE_BM.csv;SGAR_GAD_TAUX_CONTRACTUEL_TTC;.14;Value '.14' does not correspond to the number format (16,4)
F_SAS_GARANTIE_BM.csv;SGAR_GAD_TAUX_CONTRACTUEL_TTC;.69;Value '.69' does not correspond to the number format (16,4)
F_SAS_GARANTIE_BM.csv;SGAR_GAD_TAUX_CONTRACTUEL_TTC;.78;Value '.78' does not correspond to the number format (16,4)
F_SAS_GARANTIE_BM.csv;SGAR_GAD_TAUX_CONTRACTUEL_TTC;.75;Value '.75' does not correspond to the number format (16,4)
F_SAS_GARANTIE_BM.csv;SGAR_GAD_TAUX_CONTRACTUEL_TTC;.42;Value '.42' does not correspond to the number format (16,4)
F_SAS_GARANTIE_BM.csv;SGAR_GAD_TAUX_CONTRACTUEL_TTC;.41;Value '.41' does not correspond to the number format (16,4)
F_SAS_GARANTIE_BM.csv;SGAR_GAD_TAUX_CONTRACTUEL_TTC;.005;Value '.005' does not correspond to the number format (16,4)
F_SAS_GARANTIE_BM.csv;SGAR_GAD_TAUX_CONTRACTUEL_TTC;.08;Value '.08' does not correspond to the number format (16,4)
F_SAS_GARANTIE_BM.csv;SGAR_GAD_TAUX_CONTRACTUEL_TTC;.63;Value '.63' does not correspond to the number format (16,4)
F_SAS_GARANTIE_BM.csv;SGAR_GAD_TAUX_CONTRACTUEL_TTC;.19;Value '.19' does not correspond to the number format (16,4)
F_SAS_GARANTIE_BM.csv;SGAR_GAD_TAUX_CONTRACTUEL_TTC;.9;Value '.9' does not correspond to the number format (16,4)
F_SAS_GARANTIE_BM.csv;SGAR_GAD_TAUX_CONTRACTUEL_TTC;.76;Value '.76' does not correspond to the number format (16,4)
F_SAS_GARANTIE_BM.csv;SGAR_GAD_TAUX_CONTRACTUEL_TTC;.72;Value '.72' does not correspond to the number format (16,4)
F_SAS_GARANTIE_BM.csv;SGAR_GAD_TAUX_CONTRACTUEL_TTC;.22;Value '.22' does not correspond to the number format (16,4)
F_SAS_GARANTIE_BM.csv;SGAR_GAD_TAUX_CONTRACTUEL_TTC;.47;Value '.47' does not correspond to the number format (16,4)
F_SAS_GARANTIE_BM.csv;SGAR_GAD_TAUX_CONTRACTUEL_TTC;.48;Value '.48' does not correspond to the number format (16,4)
F_SAS_GARANTIE_BM.csv;SGAR_GAD_TAUX_CONTRACTUEL_TTC;.67;Value '.67' does not correspond to the number format (16,4)
F_SAS_GARANTIE_BM.csv;SGAR_GAD_TAUX_CONTRACTUEL_TTC;.64;Value '.64' does not correspond to the number format (16,4)
F_SAS_GARANTIE_BM.csv;SGAR_GAD_TAUX_CONTRACTUEL_TTC;.55;Value '.55' does not correspond to the number format (16,4)
F_SAS_GARANTIE_BM.csv;SGAR_GAD_TAUX_CONTRACTUEL_TTC;.81;Value '.81' does not correspond to the number format (16,4)
F_SAS_GARANTIE_BM.csv;SGAR_GAD_TAUX_CONTRACTUEL_TTC;.7;Value '.7' does not correspond to the number format (16,4)
F_SAS_GARANTIE_BM.csv;SGAR_GAD_TAUX_CONTRACTUEL_TTC;.6;Value '.6' does not correspond to the number format (16,4)
F_SAS_GARANTIE_BM.csv;SGAR_GAD_TAUX_CONTRACTUEL_TTC;.93;Value '.93' does not correspond to the number format (16,4)
F_SAS_GARANTIE_BM.csv;SGAR_GAD_TAUX_CONTRACTUEL_TTC;.11;Value '.11' does not correspond to the number format (16,4)
F_SAS_GARANTIE_BM.csv;SGAR_GAD_TAUX_CONTRACTUEL_TTC;.84;Value '.84' does not correspond to the number format (16,4)
F_SAS_GARANTIE_BM.csv;SGAR_GAD_TAUX_CONTRACTUEL_TTC;.86;Value '.86' does not correspond to the number format (16,4)
F_SAS_GARANTIE_BM.csv;SGAR_GAD_TAUX_CONTRACTUEL_TTC;.029;Value '.029' does not correspond to the number format (16,4)
F_SAS_GARANTIE_BM.csv;SGAR_GAD_TAUX_CONTRACTUEL_TTC;.89;Value '.89' does not correspond to the number format (16,4)
F_SAS_GARANTIE_BM.csv;SGAR_GAD_TAUX_CONTRACTUEL_TTC;.96;Value '.96' does not correspond to the number format (16,4)
F_SAS_GARANTIE_BM.csv;SGAR_GAD_TAUX_CONTRACTUEL_TTC;.33;Value '.33' does not correspond to the number format (16,4)
F_SAS_GARANTIE_BM.csv;SGAR_GAD_TAUX_CONTRACTUEL_TTC;.92;Value '.92' does not correspond to the number format (16,4)
F_SAS_GARANTIE_BM.csv;SGAR_GAD_TAUX_CONTRACTUEL_TTC;.49;Value '.49' does not correspond to the number format (16,4)
F_SAS_GARANTIE_BM.csv;SGAR_GAD_TAUX_CONTRACTUEL_TTC;.32;Value '.32' does not correspond to the number format (16,4)
F_SAS_GARANTIE_BM.csv;SGAR_GAD_TAUX_CONTRACTUEL_TTC;.85;Value '.85' does not correspond to the number format (16,4)
F_SAS_GARANTIE_BM.csv;SGAR_GAD_TAUX_CONTRACTUEL_TTC;.57;Value '.57' does not correspond to the number format (16,4)
F_SAS_GARANTIE_BM.csv;SGAR_GAD_TAUX_CONTRACTUEL_TTC;.94;Value '.94' does not correspond to the number format (16,4)
F_SAS_GARANTIE_BM.csv;SGAR_GAD_TAUX_CONTRACTUEL_TTC;.44;Value '.44' does not correspond to the number format (16,4)
F_SAS_GARANTIE_BM.csv;SGAR_GAD_TAUX_CONTRACTUEL_TTC;.82;Value '.82' does not correspond to the number format (16,4)
F_SAS_GARANTIE_BM.csv;SGAR_GAD_TAUX_CONTRACTUEL_TTC;.06;Value '.06' does not correspond to the number format (16,4)
F_SAS_GARANTIE_BM.csv;SGAR_GAD_TAUX_CONTRACTUEL_TTC;.07;Value '.07' does not correspond to the number format (16,4)
F_SAS_GARANTIE_BM.csv;SGAR_GAD_TAUX_CONTRACTUEL_TTC;.023;Value '.023' does not correspond to the number format (16,4)
F_SAS_GARANTIE_BM.csv;SGAR_GAD_TAUX_CONTRACTUEL_TTC;.43;Value '.43' does not correspond to the number format (16,4)
F_SAS_GARANTIE_BM.csv;SGAR_GAD_TAUX_CONTRACTUEL_TTC;.83;Value '.83' does not correspond to the number format (16,4)
F_SAS_GARANTIE_BM.csv;SGAR_GAD_TAUX_CONTRACTUEL_TTC;.74;Value '.74' does not correspond to the number format (16,4)
F_SAS_GARANTIE_BM.csv;SGAR_GAD_TAUX_CONTRACTUEL_TTC;.026;Value '.026' does not correspond to the number format (16,4)
F_SAS_GARANTIE_BM.csv;SGAR_GAD_TAUX_CONTRACTUEL_TTC;.019;Value '.019' does not correspond to the number format (16,4)
F_SAS_GARANTIE_BM.csv;SGAR_GAD_TAUX_CONTRACTUEL_TTC;.031;Value '.031' does not correspond to the number format (16,4)
F_SAS_GARANTIE_BM.csv;SGAR_GAD_TAUX_CONTRACTUEL_TTC;.99;Value '.99' does not correspond to the number format (16,4)
F_SAS_GARANTIE_BM.csv;SGAR_GAD_TAUX_CONTRACTUEL_TTC;.032;Value '.032' does not correspond to the number format (16,4)
F_SAS_GARANTIE_BM.csv;SGAR_GAD_TAUX_CONTRACTUEL_TTC;.95;Value '.95' does not correspond to the number format (16,4)
F_SAS_GARANTIE_BM.csv;SGAR_GAD_TAUX_CONTRACTUEL_TTC;.022;Value '.022' does not correspond to the number format (16,4)
F_SAS_GARANTIE_BM.csv;SGAR_GAD_TAUX_CONTRACTUEL_TTC;.009;Value '.009' does not correspond to the number format (16,4)
F_SAS_GARANTIE_BM.csv;SGAR_GAD_TAUX_CONTRACTUEL_TTC;.007;Value '.007' does not correspond to the number format (16,4)
F_SAS_GARANTIE_BM.csv;SGAR_GAD_TAUX_CONTRACTUEL_TTC;.033;Value '.033' does not correspond to the number format (16,4)
F_SAS_GARANTIE_BM.csv;SGAR_GAD_TAUX_CONTRACTUEL_TTC;.021;Value '.021' does not correspond to the number format (16,4)
F_SAS_GARANTIE_BM.csv;SGAR_GAD_TAUX_CONTRACTUEL_TTC;.027;Value '.027' does not correspond to the number format (16,4)
F_SAS_GARANTIE_BM.csv;SGAR_GAD_TAUX_CONTRACTUEL_TTC;.04;Value '.04' does not correspond to the number format (16,4)
F_SAS_GARANTIE_BM.csv;SGAR_GAD_TAUX_CONTRACTUEL_TTC;.008;Value '.008' does not correspond to the number format (16,4)
F_SAS_GARANTIE_BM.csv;SGAR_GAD_TAUX_CONTRACTUEL_TTC;.051;Value '.051' does not correspond to the number format (16,4)
F_SAS_GARANTIE_BM.csv;SGAR_GAD_TAUX_CONTRACTUEL_TTC;.035;Value '.035' does not correspond to the number format (16,4)
F_SAS_GARANTIE_BM.csv;SGAR_GAD_TAUX_CONTRACTUEL_TTC;.037;Value '.037' does not correspond to the number format (16,4)
F_SAS_GARANTIE_BM.csv;SGAR_GAD_TAUX_CONTRACTUEL_TTC;.041;Value '.041' does not correspond to the number format (16,4)
F_SAS_GARANTIE_BM.csv;SGAR_GAD_TAUX_CONTRACTUEL_TTC;.028;Value '.028' does not correspond to the number format (16,4)
F_SAS_GARANTIE_BM.csv;SGAR_GAD_TAUX_CONTRACTUEL_TTC;.049;Value '.049' does not correspond to the number format (16,4)
F_SAS_GARANTIE_BM.csv;SGAR_GAD_TAUX_CONTRACTUEL_TTC;.042;Value '.042' does not correspond to the number format (16,4)
F_SAS_GARANTIE_BM.csv;SGAR_GAD_TAUX_CONTRACTUEL_TTC;.05;Value '.05' does not correspond to the number format (16,4)
F_SAS_GARANTIE_BM.csv;SGAR_GAD_TAUX_CONTRACTUEL_TTC;.025;Value '.025' does not correspond to the number format (16,4)
F_SAS_GARANTIE_BM.csv;SGAR_GAD_TAUX_CONTRACTUEL_TTC;.043;Value '.043' does not correspond to the number format (16,4)
F_SAS_GARANTIE_BM.csv;SGAR_GAD_TAUX_CONTRACTUEL_TTC;.004;Value '.004' does not correspond to the number format (16,4)
F_SAS_GARANTIE_BM.csv;SGAR_GAD_TAUX_CONTRACTUEL_TTC;.011;Value '.011' does not correspond to the number format (16,4)
F_SAS_GARANTIE_BM.csv;SGAR_GAD_TAUX_CONTRACTUEL_TTC;.044;Value '.044' does not correspond to the number format (16,4)
F_SAS_GARANTIE_BM.csv;SGAR_GAD_TAUX_CONTRACTUEL_TTC;.017;Value '.017' does not correspond to the number format (16,4)
F_SAS_GARANTIE_BM.csv;SGAR_GAD_PRM_NETTE_BRUT_TTC;0;Value '0' is not a decimal number
F_SAS_GARANTIE_BM.csv;SGAR_GAD_PRM_NETTE_BRUT_TTC;522;Value '522' is not a decimal number
F_SAS_GARANTIE_BM.csv;SGAR_GAD_PRM_NETTE_BRUT_TTC;270;Value '270' is not a decimal number
F_SAS_GARANTIE_BM.csv;SGAR_GAD_PRM_NETTE_BRUT_TTC;528;Value '528' is not a decimal number
F_SAS_GARANTIE_BM.csv;SGAR_GAD_PRM_NETTE_BRUT_TTC;102;Value '102' is not a decimal number
F_SAS_GARANTIE_BM.csv;SGAR_GAD_PRM_NETTE_BRUT_TTC;348;Value '348' is not a decimal number
F_SAS_GARANTIE_BM.csv;SGAR_GAD_PRM_NETTE_BRUT_TTC;198;Value '198' is not a decimal number
F_SAS_GARANTIE_BM.csv;SGAR_GAD_PRM_NETTE_BRUT_TTC;462;Value '462' is not a decimal number
F_SAS_GARANTIE_BM.csv;SGAR_GAD_PRM_NETTE_BRUT_TTC;150;Value '150' is not a decimal number
F_SAS_GARANTIE_BM.csv;SGAR_GAD_PRM_NETTE_BRUT_TTC;234;Value '234' is not a decimal number
F_SAS_GARANTIE_BM.csv;SGAR_GAD_PRM_NETTE_BRUT_TTC;222;Value '222' is not a decimal number
F_SAS_GARANTIE_BM.csv;SGAR_GAD_PRM_NETTE_BRUT_TTC;690;Value '690' is not a decimal number
F_SAS_GARANTIE_BM.csv;SGAR_GAD_PRM_NETTE_BRUT_TTC;180;Value '180' is not a decimal number
F_SAS_GARANTIE_BM.csv;SGAR_GAD_PRM_NETTE_BRUT_TTC;396;Value '396' is not a decimal number
F_SAS_GARANTIE_BM.csv;SGAR_GAD_PRM_NETTE_BRUT_TTC;267;Value '267' is not a decimal number
F_SAS_GARANTIE_BM.csv;SGAR_GAD_PRM_NETTE_BRUT_TTC;354;Value '354' is not a decimal number
F_SAS_GARANTIE_BM.csv;SGAR_GAD_PRM_NETTE_BRUT_TTC;294;Value '294' is not a decimal number
F_SAS_GARANTIE_BM.csv;SGAR_GAD_PRM_NETTE_BRUT_TTC;216;Value '216' is not a decimal number
F_SAS_GARANTIE_BM.csv;SGAR_GAD_PRM_NETTE_BRUT_TTC;240;Value '240' is not a decimal number
F_SAS_GARANTIE_BM.csv;SGAR_GAD_PRM_NETTE_BRUT_TTC;168;Value '168' is not a decimal number
F_SAS_GARANTIE_BM.csv;SGAR_GAD_PRM_NETTE_BRUT_TTC;126;Value '126' is not a decimal number
F_SAS_GARANTIE_BM.csv;SGAR_GAD_PRM_NETTE_BRUT_TTC;186;Value '186' is not a decimal number
F_SAS_GARANTIE_BM.csv;SGAR_GAD_PRM_NETTE_BRUT_TTC;54;Value '54' is not a decimal number
F_SAS_GARANTIE_BM.csv;SGAR_GAD_PRM_NETTE_BRUT_TTC;114;Value '114' is not a decimal number
F_SAS_GARANTIE_BM.csv;SGAR_GAD_PRM_NETTE_BRUT_TTC;78;Value '78' is not a decimal number
F_SAS_GARANTIE_BM.csv;SGAR_GAD_PRM_NETTE_BRUT_TTC;165;Value '165' is not a decimal number
F_SAS_GARANTIE_BM.csv;SGAR_GAD_PRM_NETTE_TTC;0;Value '0' is not a decimal number
F_SAS_GARANTIE_BM.csv;SGAR_GAD_PRM_NETTE_TTC;522;Value '522' is not a decimal number
F_SAS_GARANTIE_BM.csv;SGAR_GAD_PRM_NETTE_TTC;270;Value '270' is not a decimal number
F_SAS_GARANTIE_BM.csv;SGAR_GAD_PRM_NETTE_TTC;528;Value '528' is not a decimal number
F_SAS_GARANTIE_BM.csv;SGAR_GAD_PRM_NETTE_TTC;102;Value '102' is not a decimal number
F_SAS_GARANTIE_BM.csv;SGAR_GAD_PRM_NETTE_TTC;348;Value '348' is not a decimal number
F_SAS_GARANTIE_BM.csv;SGAR_GAD_PRM_NETTE_TTC;198;Value '198' is not a decimal number
F_SAS_GARANTIE_BM.csv;SGAR_GAD_PRM_NETTE_TTC;462;Value '462' is not a decimal number
F_SAS_GARANTIE_BM.csv;SGAR_GAD_PRM_NETTE_TTC;150;Value '150' is not a decimal number
F_SAS_GARANTIE_BM.csv;SGAR_GAD_PRM_NETTE_TTC;234;Value '234' is not a decimal number
F_SAS_GARANTIE_BM.csv;SGAR_GAD_PRM_NETTE_TTC;222;Value '222' is not a decimal number
F_SAS_GARANTIE_BM.csv;SGAR_GAD_PRM_NETTE_TTC;690;Value '690' is not a decimal number
F_SAS_GARANTIE_BM.csv;SGAR_GAD_PRM_NETTE_TTC;180;Value '180' is not a decimal number
F_SAS_GARANTIE_BM.csv;SGAR_GAD_PRM_NETTE_TTC;396;Value '396' is not a decimal number
F_SAS_GARANTIE_BM.csv;SGAR_GAD_PRM_NETTE_TTC;267;Value '267' is not a decimal number
F_SAS_GARANTIE_BM.csv;SGAR_GAD_PRM_NETTE_TTC;354;Value '354' is not a decimal number
F_SAS_GARANTIE_BM.csv;SGAR_GAD_PRM_NETTE_TTC;294;Value '294' is not a decimal number
F_SAS_GARANTIE_BM.csv;SGAR_GAD_PRM_NETTE_TTC;216;Value '216' is not a decimal number
F_SAS_GARANTIE_BM.csv;SGAR_GAD_PRM_NETTE_TTC;240;Value '240' is not a decimal number
F_SAS_GARANTIE_BM.csv;SGAR_GAD_PRM_NETTE_TTC;168;Value '168' is not a decimal number
F_SAS_GARANTIE_BM.csv;SGAR_GAD_PRM_NETTE_TTC;126;Value '126' is not a decimal number
F_SAS_GARANTIE_BM.csv;SGAR_GAD_PRM_NETTE_TTC;186;Value '186' is not a decimal number
F_SAS_GARANTIE_BM.csv;SGAR_GAD_PRM_NETTE_TTC;54;Value '54' is not a decimal number
F_SAS_GARANTIE_BM.csv;SGAR_GAD_PRM_NETTE_TTC;114;Value '114' is not a decimal number
F_SAS_GARANTIE_BM.csv;SGAR_GAD_PRM_NETTE_TTC;78;Value '78' is not a decimal number
F_SAS_GARANTIE_BM.csv;SGAR_GAD_PRM_NETTE_TTC;165;Value '165' is not a decimal number
F_SAS_GARANTIE_BM.csv;SGAR_GAD_PRM_NETTE_BRUT;0;Value '0' is not a decimal number
F_SAS_GARANTIE_BM.csv;SGAR_GAD_PRM_NETTE_BRUT;522;Value '522' is not a decimal number
F_SAS_GARANTIE_BM.csv;SGAR_GAD_PRM_NETTE_BRUT;270;Value '270' is not a decimal number
F_SAS_GARANTIE_BM.csv;SGAR_GAD_PRM_NETTE_BRUT;528;Value '528' is not a decimal number
F_SAS_GARANTIE_BM.csv;SGAR_GAD_PRM_NETTE_BRUT;102;Value '102' is not a decimal number
F_SAS_GARANTIE_BM.csv;SGAR_GAD_PRM_NETTE_BRUT;348;Value '348' is not a decimal number
F_SAS_GARANTIE_BM.csv;SGAR_GAD_PRM_NETTE_BRUT;198;Value '198' is not a decimal number
F_SAS_GARANTIE_BM.csv;SGAR_GAD_PRM_NETTE_BRUT;462;Value '462' is not a decimal number
F_SAS_GARANTIE_BM.csv;SGAR_GAD_PRM_NETTE_BRUT;150;Value '150' is not a decimal number
F_SAS_GARANTIE_BM.csv;SGAR_GAD_PRM_NETTE_BRUT;234;Value '234' is not a decimal number
F_SAS_GARANTIE_BM.csv;SGAR_GAD_PRM_NETTE_BRUT;222;Value '222' is not a decimal number
F_SAS_GARANTIE_BM.csv;SGAR_GAD_PRM_NETTE_BRUT;690;Value '690' is not a decimal number
F_SAS_GARANTIE_BM.csv;SGAR_GAD_PRM_NETTE_BRUT;180;Value '180' is not a decimal number
F_SAS_GARANTIE_BM.csv;SGAR_GAD_PRM_NETTE_BRUT;396;Value '396' is not a decimal number
F_SAS_GARANTIE_BM.csv;SGAR_GAD_PRM_NETTE_BRUT;267;Value '267' is not a decimal number
F_SAS_GARANTIE_BM.csv;SGAR_GAD_PRM_NETTE_BRUT;354;Value '354' is not a decimal number
F_SAS_GARANTIE_BM.csv;SGAR_GAD_PRM_NETTE_BRUT;294;Value '294' is not a decimal number
F_SAS_GARANTIE_BM.csv;SGAR_GAD_PRM_NETTE_BRUT;216;Value '216' is not a decimal number
F_SAS_GARANTIE_BM.csv;SGAR_GAD_PRM_NETTE_BRUT;240;Value '240' is not a decimal number
F_SAS_GARANTIE_BM.csv;SGAR_GAD_PRM_NETTE_BRUT;168;Value '168' is not a decimal number
F_SAS_GARANTIE_BM.csv;SGAR_GAD_PRM_NETTE_BRUT;126;Value '126' is not a decimal number
F_SAS_GARANTIE_BM.csv;SGAR_GAD_PRM_NETTE_BRUT;186;Value '186' is not a decimal number
F_SAS_GARANTIE_BM.csv;SGAR_GAD_PRM_NETTE_BRUT;54;Value '54' is not a decimal number
F_SAS_GARANTIE_BM.csv;SGAR_GAD_PRM_NETTE_BRUT;114;Value '114' is not a decimal number
F_SAS_GARANTIE_BM.csv;SGAR_GAD_PRM_NETTE_BRUT;78;Value '78' is not a decimal number
F_SAS_GARANTIE_BM.csv;SGAR_GAD_PRM_NETTE_BRUT;165;Value '165' is not a decimal number
F_SAS_GARANTIE_BM.csv;SGAR_GAD_PRIME_NETTE;0;Value '0' is not a decimal number
F_SAS_GARANTIE_BM.csv;SGAR_GAD_PRIME_NETTE_AVANT_PROMO;0;Value '0' is not a decimal number
F_SAS_GARANTIE_BM.csv;SGAR_GAD_COEF_MULTI;1;Value '1' is not a decimal number
F_SAS_GARANTIE_BM.csv;SGAR_GAD_COM_APP_FT;0;Value '0' is not a decimal number
F_SAS_GARANTIE_BM.csv;SGAR_GAD_COM_APP_TX;0;Value '0' is not a decimal number
F_SAS_GARANTIE_BM.csv;SGAR_GAD_COM_GES_FT;0;Value '0' is not a decimal number
F_SAS_GARANTIE_BM.csv;SGAR_GAD_COM_GES_TX;0;Value '0' is not a decimal number
F_SAS_GARANTIE_BM.csv;SGAR_GAD_LIMGAR_VAL;0;Value '0' is not a decimal number
F_SAS_GARANTIE_BM.csv;SGAR_GAD_LIMGAR_VAL2;0;Value '0' is not a decimal number
F_SAS_GARANTIE_BM.csv;SGAR_GAD_LIMGAR_VAL3;0;Value '0' is not a decimal number
F_SAS_GARANTIE_BM.csv;SGAR_GAD_LIMGAR_DUREE;0;Value '0' is not a decimal number
F_SAS_GARANTIE_BM.csv;SGAR_GAD_LIMGAR2_VAL;0;Value '0' is not a decimal number
F_SAS_GARANTIE_BM.csv;SGAR_GAD_COEFCOM;0;Value '0' is not a decimal number
F_SAS_GARANTIE_BM.csv;SGAR_GAD_TAUX_COM;0;Value '0' is not a decimal number
F_SAS_GARANTIE_BM.csv;SGAR_GAD_TAUX1;0;Value '0' is not a decimal number
F_SAS_GARANTIE_BM.csv;SGAR_GAD_TX1;0;Value '0' is not a decimal number
F_SAS_GARANTIE_BM.csv;SGAR_GAD_TX1;0,00;Value '0,00' is not a decimal number
F_SAS_GARANTIE_BM.csv;SGAR_GAD_TX1;0,02;Value '0,02' is not a decimal number
F_SAS_GARANTIE_BM.csv;SGAR_GAD_TX1;1,84;Value '1,84' is not a decimal number
F_SAS_GARANTIE_BM.csv;SGAR_GAD_TX1;0,63;Value '0,63' is not a decimal number
F_SAS_GARANTIE_BM.csv;SGAR_GAD_TX1;1,98;Value '1,98' is not a decimal number
F_SAS_GARANTIE_BM.csv;SGAR_GAD_TX1;1,37;Value '1,37' is not a decimal number
F_SAS_GARANTIE_BM.csv;SGAR_GAD_TX1;2,13;Value '2,13' is not a decimal number
F_SAS_GARANTIE_BM.csv;SGAR_GAD_TX1;1,07;Value '1,07' is not a decimal number
F_SAS_GARANTIE_BM.csv;SGAR_GAD_TX1;1,48;Value '1,48' is not a decimal number
F_SAS_GARANTIE_BM.csv;SGAR_GAD_TX1;1,31;Value '1,31' is not a decimal number
F_SAS_GARANTIE_BM.csv;SGAR_GAD_TX1;1,14;Value '1,14' is not a decimal number
F_SAS_GARANTIE_BM.csv;SGAR_GAD_TX1;2,94;Value '2,94' is not a decimal number
F_SAS_GARANTIE_BM.csv;SGAR_GAD_TX1;1,06;Value '1,06' is not a decimal number
F_SAS_GARANTIE_BM.csv;SGAR_GAD_TX1;0,76;Value '0,76' is not a decimal number
F_SAS_GARANTIE_BM.csv;SGAR_GAD_TX1;0,58;Value '0,58' is not a decimal number
F_SAS_GARANTIE_BM.csv;SGAR_GAD_TX1;1,03;Value '1,03' is not a decimal number
F_SAS_GARANTIE_BM.csv;SGAR_GAD_TX1;0,95;Value '0,95' is not a decimal number
F_SAS_GARANTIE_BM.csv;SGAR_GAD_TX1;0,81;Value '0,81' is not a decimal number
F_SAS_GARANTIE_BM.csv;SGAR_GAD_TX1;1,11;Value '1,11' is not a decimal number
F_SAS_GARANTIE_BM.csv;SGAR_GAD_TX1;1,74;Value '1,74' is not a decimal number
F_SAS_GARANTIE_BM.csv;SGAR_GAD_TX1;0,53;Value '0,53' is not a decimal number
F_SAS_GARANTIE_BM.csv;SGAR_GAD_TX1;0,74;Value '0,74' is not a decimal number
F_SAS_GARANTIE_BM.csv;SGAR_GAD_TX1;0,73;Value '0,73' is not a decimal number
F_SAS_GARANTIE_BM.csv;SGAR_GAD_TX1;0,78;Value '0,78' is not a decimal number
F_SAS_GARANTIE_BM.csv;SGAR_GAD_TX1;1,52;Value '1,52' is not a decimal number
F_SAS_GARANTIE_BM.csv;SGAR_GAD_TX1;1,35;Value '1,35' is not a decimal number
F_SAS_GARANTIE_BM.csv;SGAR_GAD_TX1;2,01;Value '2,01' is not a decimal number
F_SAS_GARANTIE_BM.csv;SGAR_GAD_TX1;1,29;Value '1,29' is not a decimal number
F_SAS_GARANTIE_BM.csv;SGAR_GAD_TX1;0,99;Value '0,99' is not a decimal number
F_SAS_GARANTIE_BM.csv;SGAR_GAD_TX1;0,93;Value '0,93' is not a decimal number
F_SAS_GARANTIE_BM.csv;SGAR_GAD_TX1;0,75;Value '0,75' is not a decimal number
F_SAS_GARANTIE_BM.csv;SGAR_GAD_TX1;1,45;Value '1,45' is not a decimal number
F_SAS_GARANTIE_BM.csv;SGAR_GAD_TX1;1,32;Value '1,32' is not a decimal number
F_SAS_GARANTIE_BM.csv;SGAR_GAD_TX1;1,17;Value '1,17' is not a decimal number
F_SAS_GARANTIE_BM.csv;SGAR_GAD_TX1;1,15;Value '1,15' is not a decimal number
F_SAS_GARANTIE_BM.csv;SGAR_GAD_TX1;0,50;Value '0,50' is not a decimal number
F_SAS_GARANTIE_BM.csv;SGAR_GAD_TX1;1,00;Value '1,00' is not a decimal number
F_SAS_GARANTIE_BM.csv;SGAR_GAD_TX1;2,16;Value '2,16' is not a decimal number
F_SAS_GARANTIE_BM.csv;SGAR_GAD_TX1;0,87;Value '0,87' is not a decimal number
F_SAS_GARANTIE_BM.csv;SGAR_GAD_TX1;1,47;Value '1,47' is not a decimal number
F_SAS_GARANTIE_BM.csv;SGAR_GAD_TX1;0,71;Value '0,71' is not a decimal number
F_SAS_GARANTIE_BM.csv;SGAR_GAD_TX1;0,62;Value '0,62' is not a decimal number
F_SAS_GARANTIE_BM.csv;SGAR_GAD_TX1;0,94;Value '0,94' is not a decimal number
F_SAS_GARANTIE_BM.csv;SGAR_GAD_TX1;0,84;Value '0,84' is not a decimal number
F_SAS_GARANTIE_BM.csv;SGAR_GAD_TX1;1,63;Value '1,63' is not a decimal number
F_SAS_GARANTIE_BM.csv;SGAR_GAD_TX1;2,07;Value '2,07' is not a decimal number
F_SAS_GARANTIE_BM.csv;SGAR_GAD_TX1;0,91;Value '0,91' is not a decimal number
F_SAS_GARANTIE_BM.csv;SGAR_GAD_TX1;0,56;Value '0,56' is not a decimal number
F_SAS_GARANTIE_BM.csv;SGAR_GAD_TX1;0,82;Value '0,82' is not a decimal number
F_SAS_GARANTIE_BM.csv;SGAR_GAD_TX1;1,01;Value '1,01' is not a decimal number
F_SAS_GARANTIE_BM.csv;SGAR_GAD_TX1;1,40;Value '1,40' is not a decimal number
F_SAS_GARANTIE_BM.csv;SGAR_GAD_TX1;1,72;Value '1,72' is not a decimal number
F_SAS_GARANTIE_BM.csv;SGAR_GAD_TX1;0,70;Value '0,70' is not a decimal number
F_SAS_GARANTIE_BM.csv;SGAR_GAD_TX1;1;Value '1' is not a decimal number
F_SAS_GARANTIE_BM.csv;SGAR_GAD_TX1;1,57;Value '1,57' is not a decimal number
F_SAS_GARANTIE_BM.csv;SGAR_GAD_TX1;1,34;Value '1,34' is not a decimal number
F_SAS_GARANTIE_BM.csv;SGAR_GAD_TX1;1,33;Value '1,33' is not a decimal number
F_SAS_GARANTIE_BM.csv;SGAR_GAD_TX1;1,77;Value '1,77' is not a decimal number
F_SAS_GARANTIE_BM.csv;SGAR_GAD_TX1;1,09;Value '1,09' is not a decimal number
F_SAS_GARANTIE_BM.csv;SGAR_GAD_TX1;2,11;Value '2,11' is not a decimal number
F_SAS_GARANTIE_BM.csv;SGAR_GAD_TX1;1,60;Value '1,60' is not a decimal number
F_SAS_GARANTIE_BM.csv;SGAR_GAD_TX1;2,54;Value '2,54' is not a decimal number
F_SAS_GARANTIE_BM.csv;SGAR_GAD_TX1;0,55;Value '0,55' is not a decimal number
F_SAS_GARANTIE_BM.csv;SGAR_GAD_TX1;1,68;Value '1,68' is not a decimal number
F_SAS_GARANTIE_BM.csv;SGAR_GAD_TX1;1,85;Value '1,85' is not a decimal number
F_SAS_GARANTIE_BM.csv;SGAR_GAD_TX1;1,13;Value '1,13' is not a decimal number
F_SAS_GARANTIE_BM.csv;SGAR_GAD_TX1;1,80;Value '1,80' is not a decimal number
F_SAS_GARANTIE_BM.csv;SGAR_GAD_TX1;0,69;Value '0,69' is not a decimal number
F_SAS_GARANTIE_BM.csv;SGAR_GAD_TX1;1,02;Value '1,02' is not a decimal number
F_SAS_GARANTIE_BM.csv;SGAR_GAD_TX1;1,91;Value '1,91' is not a decimal number
F_SAS_GARANTIE_BM.csv;SGAR_GAD_TX1;0,97;Value '0,97' is not a decimal number
F_SAS_GARANTIE_BM.csv;SGAR_GAD_TX1;0,47;Value '0,47' is not a decimal number
F_SAS_GARANTIE_BM.csv;SGAR_GAD_TX1;1,04;Value '1,04' is not a decimal number
F_SAS_GARANTIE_BM.csv;SGAR_GAD_TX1;1,18;Value '1,18' is not a decimal number
F_SAS_GARANTIE_BM.csv;SGAR_GAD_TX1;1,43;Value '1,43' is not a decimal number
F_SAS_GARANTIE_BM.csv;SGAR_GAD_TX1;1,08;Value '1,08' is not a decimal number
F_SAS_GARANTIE_BM.csv;SGAR_GAD_TX1;1,49;Value '1,49' is not a decimal number
F_SAS_GARANTIE_BM.csv;SGAR_GAD_TX1;1,61;Value '1,61' is not a decimal number
F_SAS_GARANTIE_BM.csv;SGAR_GAD_TX1;2,21;Value '2,21' is not a decimal number
F_SAS_GARANTIE_BM.csv;SGAR_GAD_TX1;2,40;Value '2,40' is not a decimal number
F_SAS_GARANTIE_BM.csv;SGAR_GAD_TX1;1,46;Value '1,46' is not a decimal number
F_SAS_GARANTIE_BM.csv;SGAR_GAD_TX1;1,24;Value '1,24' is not a decimal number
F_SAS_GARANTIE_BM.csv;SGAR_GAD_TX1;2,22;Value '2,22' is not a decimal number
F_SAS_GARANTIE_BM.csv;SGAR_GAD_TX1;1,22;Value '1,22' is not a decimal number
F_SAS_GARANTIE_BM.csv;SGAR_GAD_TX1;2,32;Value '2,32' is not a decimal number
F_SAS_GARANTIE_BM.csv;SGAR_GAD_TX1;1,36;Value '1,36' is not a decimal number
F_SAS_GARANTIE_BM.csv;SGAR_GAD_TX1;1,96;Value '1,96' is not a decimal number
F_SAS_GARANTIE_BM.csv;SGAR_GAD_TX1;0,67;Value '0,67' is not a decimal number
F_SAS_GARANTIE_BM.csv;SGAR_GAD_TX1;1,83;Value '1,83' is not a decimal number
F_SAS_GARANTIE_BM.csv;SGAR_GAD_TX1;1,99;Value '1,99' is not a decimal number
F_SAS_GARANTIE_BM.csv;SGAR_GAD_TX1;1,05;Value '1,05' is not a decimal number
F_SAS_GARANTIE_BM.csv;SGAR_GAD_TX1;2,14;Value '2,14' is not a decimal number
F_SAS_GARANTIE_BM.csv;SGAR_GAD_TX1;0,79;Value '0,79' is not a decimal number
F_SAS_GARANTIE_BM.csv;SGAR_GAD_TX1;1,23;Value '1,23' is not a decimal number
F_SAS_GARANTIE_BM.csv;SGAR_GAD_TX1;0,46;Value '0,46' is not a decimal number
F_SAS_GARANTIE_BM.csv;SGAR_GAD_TX1;1,95;Value '1,95' is not a decimal number
F_SAS_GARANTIE_BM.csv;SGAR_GAD_TX1;0,32;Value '0,32' is not a decimal number
F_SAS_GARANTIE_BM.csv;SGAR_GAD_TX1;1,19;Value '1,19' is not a decimal number
F_SAS_GARANTIE_BM.csv;SGAR_GAD_TX1;1,39;Value '1,39' is not a decimal number
F_SAS_GARANTIE_BM.csv;SGAR_GAD_TX1;1,25;Value '1,25' is not a decimal number
F_SAS_GARANTIE_BM.csv;SGAR_GAD_TX1;1,64;Value '1,64' is not a decimal number
F_SAS_GARANTIE_BM.csv;SGAR_GAD_TX1;1,12;Value '1,12' is not a decimal number
F_SAS_GARANTIE_BM.csv;SGAR_GAD_TX1;0,64;Value '0,64' is not a decimal number
F_SAS_GARANTIE_BM.csv;SGAR_GAD_TX1;0,48;Value '0,48' is not a decimal number
F_SAS_GARANTIE_BM.csv;SGAR_GAD_TX1;0,33;Value '0,33' is not a decimal number
F_SAS_GARANTIE_BM.csv;SGAR_GAD_TX1;2,26;Value '2,26' is not a decimal number
F_SAS_GARANTIE_BM.csv;SGAR_GAD_TX1;2,92;Value '2,92' is not a decimal number
F_SAS_GARANTIE_BM.csv;SGAR_GAD_TX1;0,60;Value '0,60' is not a decimal number
F_SAS_GARANTIE_BM.csv;SGAR_GAD_TX1;1,54;Value '1,54' is not a decimal number
F_SAS_GARANTIE_BM.csv;SGAR_GAD_TX1;1,62;Value '1,62' is not a decimal number
F_SAS_GARANTIE_BM.csv;SGAR_GAD_TX1;1,41;Value '1,41' is not a decimal number
F_SAS_GARANTIE_BM.csv;SGAR_GAD_TX1;1,70;Value '1,70' is not a decimal number
F_SAS_GARANTIE_BM.csv;SGAR_GAD_TX1;0,80;Value '0,80' is not a decimal number
F_SAS_GARANTIE_BM.csv;SGAR_GAD_TX1;1,10;Value '1,10' is not a decimal number
F_SAS_GARANTIE_BM.csv;SGAR_GAD_TX1;0,59;Value '0,59' is not a decimal number
F_SAS_GARANTIE_BM.csv;SGAR_GAD_TX1;1,42;Value '1,42' is not a decimal number
F_SAS_GARANTIE_BM.csv;SGAR_GAD_TX1;1,44;Value '1,44' is not a decimal number
F_SAS_GARANTIE_BM.csv;SGAR_GAD_TX1;1,97;Value '1,97' is not a decimal number
F_SAS_GARANTIE_BM.csv;SGAR_GAD_TX1;1,16;Value '1,16' is not a decimal number
F_SAS_GARANTIE_BM.csv;SGAR_GAD_TX1;1,20;Value '1,20' is not a decimal number
F_SAS_GARANTIE_BM.csv;SGAR_GAD_TX1;1,71;Value '1,71' is not a decimal number
F_SAS_GARANTIE_BM.csv;SGAR_GAD_TX1;0,77;Value '0,77' is not a decimal number
F_SAS_GARANTIE_BM.csv;SGAR_GAD_TX1;1,79;Value '1,79' is not a decimal number
F_SAS_GARANTIE_BM.csv;SGAR_GAD_TX1;0,61;Value '0,61' is not a decimal number
F_SAS_GARANTIE_BM.csv;SGAR_GAD_TX1;0,96;Value '0,96' is not a decimal number
F_SAS_GARANTIE_BM.csv;SGAR_GAD_TX1;1,27;Value '1,27' is not a decimal number
F_SAS_GARANTIE_BM.csv;SGAR_GAD_TX1;2,19;Value '2,19' is not a decimal number
F_SAS_GARANTIE_BM.csv;SGAR_GAD_TX1;3,07;Value '3,07' is not a decimal number
F_SAS_GARANTIE_BM.csv;SGAR_GAD_TX1;1,88;Value '1,88' is not a decimal number
F_SAS_GARANTIE_BM.csv;SGAR_GAD_TX1;1,78;Value '1,78' is not a decimal number
F_SAS_GARANTIE_BM.csv;SGAR_GAD_TX1;0,65;Value '0,65' is not a decimal number
F_SAS_GARANTIE_BM.csv;SGAR_GAD_TX1;1,21;Value '1,21' is not a decimal number
F_SAS_GARANTIE_BM.csv;SGAR_GAD_TX1;0,49;Value '0,49' is not a decimal number
F_SAS_GARANTIE_BM.csv;SGAR_GAD_TX1;0,72;Value '0,72' is not a decimal number
F_SAS_GARANTIE_BM.csv;SGAR_GAD_TX1;0,86;Value '0,86' is not a decimal number
F_SAS_GARANTIE_BM.csv;SGAR_GAD_TX1;2,18;Value '2,18' is not a decimal number
F_SAS_GARANTIE_BM.csv;SGAR_GAD_TX1;2,81;Value '2,81' is not a decimal number
F_SAS_GARANTIE_BM.csv;SGAR_GAD_TX1;1,30;Value '1,30' is not a decimal number
F_SAS_GARANTIE_BM.csv;SGAR_GAD_TX1;1,55;Value '1,55' is not a decimal number
F_SAS_GARANTIE_BM.csv;SGAR_GAD_TX1;2,24;Value '2,24' is not a decimal number
F_SAS_GARANTIE_BM.csv;SGAR_GAD_TX1;1,53;Value '1,53' is not a decimal number
F_SAS_GARANTIE_BM.csv;SGAR_GAD_TX1;0,85;Value '0,85' is not a decimal number
F_SAS_GARANTIE_BM.csv;SGAR_GAD_TX1;0,88;Value '0,88' is not a decimal number
F_SAS_GARANTIE_BM.csv;SGAR_GAD_TX1;1,26;Value '1,26' is not a decimal number
F_SAS_GARANTIE_BM.csv;SGAR_GAD_TX1;1,82;Value '1,82' is not a decimal number
F_SAS_GARANTIE_BM.csv;SGAR_GAD_TX1;0,44;Value '0,44' is not a decimal number
F_SAS_GARANTIE_BM.csv;SGAR_GAD_TX1;0,98;Value '0,98' is not a decimal number
F_SAS_GARANTIE_BM.csv;SGAR_GAD_TX1;1,76;Value '1,76' is not a decimal number
F_SAS_GARANTIE_BM.csv;SGAR_GAD_TX1;1,50;Value '1,50' is not a decimal number
F_SAS_GARANTIE_BM.csv;SGAR_GAD_TX1;1,56;Value '1,56' is not a decimal number
F_SAS_GARANTIE_BM.csv;SGAR_GAD_TX1;1,86;Value '1,86' is not a decimal number
F_SAS_GARANTIE_BM.csv;SGAR_GAD_TX1;0,90;Value '0,90' is not a decimal number
F_SAS_GARANTIE_BM.csv;SGAR_GAD_TX1;0,57;Value '0,57' is not a decimal number
F_SAS_GARANTIE_BM.csv;SGAR_GAD_TX1;0,66;Value '0,66' is not a decimal number
F_SAS_GARANTIE_BM.csv;SGAR_GAD_TX1;1,38;Value '1,38' is not a decimal number
F_SAS_GARANTIE_BM.csv;SGAR_GAD_TX1;1,59;Value '1,59' is not a decimal number
F_SAS_GARANTIE_BM.csv;SGAR_GAD_TX1;1,75;Value '1,75' is not a decimal number
F_SAS_GARANTIE_BM.csv;SGAR_GAD_TX1;0,89;Value '0,89' is not a decimal number
F_SAS_GARANTIE_BM.csv;SGAR_GAD_TX1;1,93;Value '1,93' is not a decimal number
F_SAS_GARANTIE_BM.csv;SGAR_GAD_TX1;0,51;Value '0,51' is not a decimal number
F_SAS_GARANTIE_BM.csv;SGAR_GAD_TX1;2,27;Value '2,27' is not a decimal number
F_SAS_GARANTIE_BM.csv;SGAR_GAD_TX1;0,54;Value '0,54' is not a decimal number
F_SAS_GARANTIE_BM.csv;SGAR_GAD_TX1;2,42;Value '2,42' is not a decimal number
F_SAS_GARANTIE_BM.csv;SGAR_GAD_TX1;2,28;Value '2,28' is not a decimal number
F_SAS_GARANTIE_BM.csv;SGAR_GAD_TX1;2,34;Value '2,34' is not a decimal number
F_SAS_GARANTIE_BM.csv;SGAR_GAD_TX1;0,68;Value '0,68' is not a decimal number
F_SAS_GARANTIE_BM.csv;SGAR_GAD_TX1;1,87;Value '1,87' is not a decimal number
F_SAS_GARANTIE_BM.csv;SGAR_GAD_TX1;0,92;Value '0,92' is not a decimal number
F_SAS_GARANTIE_BM.csv;SGAR_GAD_TX1;1,94;Value '1,94' is not a decimal number
F_SAS_GARANTIE_BM.csv;SGAR_GAD_TX1;1,92;Value '1,92' is not a decimal number
F_SAS_GARANTIE_BM.csv;SGAR_GAD_TX1;1,67;Value '1,67' is not a decimal number
F_SAS_GARANTIE_BM.csv;SGAR_GAD_TX1;2,31;Value '2,31' is not a decimal number
F_SAS_GARANTIE_BM.csv;SGAR_GAD_TX1;1,90;Value '1,90' is not a decimal number
F_SAS_GARANTIE_BM.csv;SGAR_GAD_TX1;1,58;Value '1,58' is not a decimal number
F_SAS_GARANTIE_BM.csv;SGAR_GAD_TX1;2,58;Value '2,58' is not a decimal number
F_SAS_GARANTIE_BM.csv;SGAR_GAD_TX1;2,72;Value '2,72' is not a decimal number
F_SAS_GARANTIE_BM.csv;SGAR_GAD_TX1;1,69;Value '1,69' is not a decimal number
F_SAS_GARANTIE_BM.csv;SGAR_GAD_TX1;0,83;Value '0,83' is not a decimal number
F_SAS_GARANTIE_BM.csv;SGAR_GAD_TX1;2,66;Value '2,66' is not a decimal number
F_SAS_GARANTIE_BM.csv;SGAR_GAD_TX1;2,30;Value '2,30' is not a decimal number
F_SAS_GARANTIE_BM.csv;SGAR_GAD_TX1;2,63;Value '2,63' is not a decimal number
F_SAS_GARANTIE_BM.csv;SGAR_GAD_TX1;1,66;Value '1,66' is not a decimal number
F_SAS_GARANTIE_BM.csv;SGAR_GAD_TX1;2,12;Value '2,12' is not a decimal number
F_SAS_GARANTIE_BM.csv;SGAR_GAD_TX1;2,61;Value '2,61' is not a decimal number
F_SAS_GARANTIE_BM.csv;SGAR_GAD_TX1;2,06;Value '2,06' is not a decimal number
F_SAS_GARANTIE_BM.csv;SGAR_GAD_TX1;1,81;Value '1,81' is not a decimal number
F_SAS_GARANTIE_BM.csv;SGAR_GAD_TX1;2,46;Value '2,46' is not a decimal number
F_SAS_GARANTIE_BM.csv;SGAR_GAD_TX1;1,28;Value '1,28' is not a decimal number
F_SAS_GARANTIE_BM.csv;SGAR_GAD_TX1;2,68;Value '2,68' is not a decimal number
F_SAS_GARANTIE_BM.csv;SGAR_GAD_TX1;2,02;Value '2,02' is not a decimal number
F_SAS_GARANTIE_BM.csv;SGAR_GAD_TX1;2;Value '2' is not a decimal number
F_SAS_GARANTIE_BM.csv;SGAR_GAD_TX1;1,51;Value '1,51' is not a decimal number
F_SAS_GARANTIE_BM.csv;SGAR_GAD_TX1;2,95;Value '2,95' is not a decimal number
F_SAS_GARANTIE_BM.csv;SGAR_GAD_TX1;0,52;Value '0,52' is not a decimal number
F_SAS_GARANTIE_BM.csv;SGAR_GAD_TX1;2,59;Value '2,59' is not a decimal number
F_SAS_GARANTIE_BM.csv;SGAR_GAD_TX1;2,10;Value '2,10' is not a decimal number
F_SAS_GARANTIE_BM.csv;SGAR_GAD_TX1;2,05;Value '2,05' is not a decimal number
F_SAS_GARANTIE_BM.csv;SGAR_GAD_TX1;2,41;Value '2,41' is not a decimal number
F_SAS_GARANTIE_BM.csv;SGAR_GAD_TX1;2,20;Value '2,20' is not a decimal number
F_SAS_GARANTIE_BM.csv;SGAR_GAD_TX1;2,15;Value '2,15' is not a decimal number
F_SAS_GARANTIE_BM.csv;SGAR_GAD_TX1;2,25;Value '2,25' is not a decimal number
F_SAS_GARANTIE_BM.csv;SGAR_GAD_TX1;1,73;Value '1,73' is not a decimal number
F_SAS_GARANTIE_BM.csv;SGAR_GAD_TX1;2,44;Value '2,44' is not a decimal number
F_SAS_GARANTIE_BM.csv;SGAR_GAD_TX1;1,89;Value '1,89' is not a decimal number
F_SAS_GARANTIE_BM.csv;SGAR_GAD_TX1;3,00;Value '3,00' is not a decimal number
F_SAS_GARANTIE_BM.csv;SGAR_GAD_TX1;2,38;Value '2,38' is not a decimal number
F_SAS_GARANTIE_BM.csv;SGAR_GAD_TX1;2,60;Value '2,60' is not a decimal number
F_SAS_GARANTIE_BM.csv;SGAR_GAD_TX1;2,55;Value '2,55' is not a decimal number
F_SAS_GARANTIE_BM.csv;SGAR_GAD_TX1;0,42;Value '0,42' is not a decimal number
F_SAS_GARANTIE_BM.csv;SGAR_GAD_TX1;2,17;Value '2,17' is not a decimal number
F_SAS_GARANTIE_BM.csv;SGAR_GAD_TX1;2,29;Value '2,29' is not a decimal number
F_SAS_GARANTIE_BM.csv;SGAR_GAD_TX1;2,39;Value '2,39' is not a decimal number
F_SAS_GARANTIE_BM.csv;SGAR_GAD_TX1;2,08;Value '2,08' is not a decimal number
F_SAS_GARANTIE_BM.csv;SGAR_GAD_TX1;2,90;Value '2,90' is not a decimal number
F_SAS_GARANTIE_BM.csv;SGAR_GAD_TX1;2,00;Value '2,00' is not a decimal number
F_SAS_GARANTIE_BM.csv;SGAR_GAD_TX1;2,91;Value '2,91' is not a decimal number
F_SAS_GARANTIE_BM.csv;SGAR_GAD_TX1;2,33;Value '2,33' is not a decimal number
F_SAS_GARANTIE_BM.csv;SGAR_GAD_TX1;2,85;Value '2,85' is not a decimal number
F_SAS_GARANTIE_BM.csv;SGAR_GAD_TX1;2,88;Value '2,88' is not a decimal number
F_SAS_GARANTIE_BM.csv;SGAR_GAD_TX1;2,64;Value '2,64' is not a decimal number
F_SAS_GARANTIE_BM.csv;SGAR_GAD_TX1;0,39;Value '0,39' is not a decimal number
F_SAS_GARANTIE_BM.csv;SGAR_GAD_TX1;2,50;Value '2,50' is not a decimal number
F_SAS_GARANTIE_BM.csv;SGAR_GAD_TX1;0,35;Value '0,35' is not a decimal number
F_SAS_GARANTIE_BM.csv;SGAR_GAD_TX1;2,73;Value '2,73' is not a decimal number
F_SAS_GARANTIE_BM.csv;SGAR_GAD_TX1;2,35;Value '2,35' is not a decimal number
F_SAS_GARANTIE_BM.csv;SGAR_GAD_TX1;2,49;Value '2,49' is not a decimal number
F_SAS_GARANTIE_BM.csv;SGAR_GAD_TX1;1,65;Value '1,65' is not a decimal number
F_SAS_GARANTIE_BM.csv;SGAR_GAD_TX1;3,63;Value '3,63' is not a decimal number
F_SAS_GARANTIE_BM.csv;SGAR_GAD_TX1;0,38;Value '0,38' is not a decimal number
F_SAS_GARANTIE_BM.csv;SGAR_GAD_TX1;2,47;Value '2,47' is not a decimal number
F_SAS_GARANTIE_BM.csv;SGAR_GAD_TX1;0,45;Value '0,45' is not a decimal number
F_SAS_GARANTIE_BM.csv;SGAR_GAD_TX1;2,99;Value '2,99' is not a decimal number
F_SAS_GARANTIE_BM.csv;SGAR_GAD_TX1;2,09;Value '2,09' is not a decimal number
F_SAS_GARANTIE_BM.csv;SGAR_GAD_TX1;2,23;Value '2,23' is not a decimal number
F_SAS_GARANTIE_BM.csv;SGAR_GAD_TX1;3,04;Value '3,04' is not a decimal number
F_SAS_GARANTIE_BM.csv;SGAR_GAD_TX1;2,65;Value '2,65' is not a decimal number
F_SAS_GARANTIE_BM.csv;SGAR_GAD_TX1;2,51;Value '2,51' is not a decimal number
F_SAS_GARANTIE_BM.csv;SGAR_GAD_TX1;2,03;Value '2,03' is not a decimal number
F_SAS_GARANTIE_BM.csv;SGAR_GAD_TX1;2,53;Value '2,53' is not a decimal number
F_SAS_GARANTIE_BM.csv;SGAR_GAD_TX1;0,34;Value '0,34' is not a decimal number
F_SAS_GARANTIE_BM.csv;SGAR_GAD_TX1;2,52;Value '2,52' is not a decimal number
F_SAS_GARANTIE_BM.csv;SGAR_GAD_TX1;0,40;Value '0,40' is not a decimal number
F_SAS_GARANTIE_BM.csv;SGAR_GAD_TX1;2,45;Value '2,45' is not a decimal number
F_SAS_GARANTIE_BM.csv;SGAR_GAD_TX1;2,70;Value '2,70' is not a decimal number
F_SAS_GARANTIE_BM.csv;SGAR_GAD_TX1;2,04;Value '2,04' is not a decimal number
F_SAS_GARANTIE_BM.csv;SGAR_GAD_TX1;2,76;Value '2,76' is not a decimal number
F_SAS_GARANTIE_BM.csv;SGAR_GAD_TX1;0,43;Value '0,43' is not a decimal number
F_SAS_GARANTIE_BM.csv;SGAR_GAD_TX1;0,36;Value '0,36' is not a decimal number
F_SAS_GARANTIE_BM.csv;SGAR_GAD_TX1;2,69;Value '2,69' is not a decimal number
F_SAS_GARANTIE_BM.csv;SGAR_GAD_TX1;2,43;Value '2,43' is not a decimal number
F_SAS_GARANTIE_BM.csv;SGAR_GAD_TX1;3,11;Value '3,11' is not a decimal number
F_SAS_GARANTIE_BM.csv;SGAR_GAD_TX1;2,78;Value '2,78' is not a decimal number
F_SAS_GARANTIE_BM.csv;SGAR_GAD_TX1;2,37;Value '2,37' is not a decimal number
F_SAS_GARANTIE_BM.csv;SGAR_GAD_TX1;2,74;Value '2,74' is not a decimal number
F_SAS_GARANTIE_BM.csv;SGAR_GAD_TX1;2,56;Value '2,56' is not a decimal number
F_SAS_GARANTIE_BM.csv;SGAR_GAD_TX1;2,36;Value '2,36' is not a decimal number
F_SAS_GARANTIE_BM.csv;SGAR_GAD_TX1;2,62;Value '2,62' is not a decimal number
F_SAS_GARANTIE_BM.csv;SGAR_GAD_TX1;2,71;Value '2,71' is not a decimal number
F_SAS_GARANTIE_BM.csv;SGAR_GAD_TX1;2,80;Value '2,80' is not a decimal number
F_SAS_GARANTIE_BM.csv;SGAR_GAD_TX1;2,75;Value '2,75' is not a decimal number
F_SAS_GARANTIE_BM.csv;SGAR_GAD_TX1;3,03;Value '3,03' is not a decimal number
F_SAS_GARANTIE_BM.csv;SGAR_GAD_TX1;3,08;Value '3,08' is not a decimal number
F_SAS_GARANTIE_BM.csv;SGAR_GAD_TX1;2,86;Value '2,86' is not a decimal number
F_SAS_GARANTIE_BM.csv;SGAR_GAD_TX1;0,41;Value '0,41' is not a decimal number
F_SAS_GARANTIE_BM.csv;SGAR_GAD_TX1;2,98;Value '2,98' is not a decimal number
F_SAS_GARANTIE_BM.csv;SGAR_GAD_TX1;2,57;Value '2,57' is not a decimal number
F_SAS_GARANTIE_BM.csv;SGAR_GAD_TX1;2,67;Value '2,67' is not a decimal number
F_SAS_GARANTIE_BM.csv;SGAR_GAD_TX1;2,97;Value '2,97' is not a decimal number
F_SAS_GARANTIE_BM.csv;SGAR_GAD_TX1;3,26;Value '3,26' is not a decimal number
F_SAS_GARANTIE_BM.csv;SGAR_GAD_TX1;3,27;Value '3,27' is not a decimal number
F_SAS_GARANTIE_BM.csv;SGAR_GAD_TX1;2,84;Value '2,84' is not a decimal number
F_SAS_GARANTIE_BM.csv;SGAR_GAD_TX1;2,83;Value '2,83' is not a decimal number
F_SAS_GARANTIE_BM.csv;SGAR_GAD_TX1;2,87;Value '2,87' is not a decimal number
F_SAS_GARANTIE_BM.csv;SGAR_GAD_TX1;2,93;Value '2,93' is not a decimal number
F_SAS_GARANTIE_BM.csv;SGAR_GAD_TX1;3,06;Value '3,06' is not a decimal number
F_SAS_GARANTIE_BM.csv;SGAR_GAD_TX1;3,13;Value '3,13' is not a decimal number
F_SAS_GARANTIE_BM.csv;SGAR_GAD_TX1;3,22;Value '3,22' is not a decimal number
F_SAS_GARANTIE_BM.csv;SGAR_GAD_TX1;0,30;Value '0,30' is not a decimal number
F_SAS_GARANTIE_BM.csv;SGAR_GAD_TX1;3,10;Value '3,10' is not a decimal number
F_SAS_GARANTIE_BM.csv;SGAR_GAD_TX1;3,05;Value '3,05' is not a decimal number
F_SAS_GARANTIE_BM.csv;SGAR_GAD_TX1;2,77;Value '2,77' is not a decimal number
F_SAS_GARANTIE_BM.csv;SGAR_GAD_TX1;0,37;Value '0,37' is not a decimal number
F_SAS_GARANTIE_BM.csv;SGAR_GAD_TX1;3,38;Value '3,38' is not a decimal number
F_SAS_GARANTIE_BM.csv;SGAR_GAD_TX1;2,79;Value '2,79' is not a decimal number
F_SAS_GARANTIE_BM.csv;SGAR_GAD_TX1;3,09;Value '3,09' is not a decimal number
F_SAS_GARANTIE_BM.csv;SGAR_GAD_TX1;3,33;Value '3,33' is not a decimal number
F_SAS_GARANTIE_BM.csv;SGAR_GAD_TX1;0,29;Value '0,29' is not a decimal number
F_SAS_GARANTIE_BM.csv;SGAR_GAD_TX1;3,20;Value '3,20' is not a decimal number
F_SAS_GARANTIE_BM.csv;SGAR_GAD_TX1;2,48;Value '2,48' is not a decimal number
F_SAS_GARANTIE_BM.csv;SGAR_GAD_TX1;2,96;Value '2,96' is not a decimal number
F_SAS_GARANTIE_BM.csv;SGAR_GAD_TX1;3,14;Value '3,14' is not a decimal number
F_SAS_GARANTIE_BM.csv;SGAR_GAD_TX1;3;Value '3' is not a decimal number
F_SAS_GARANTIE_BM.csv;SGAR_GAD_TX1;3,16;Value '3,16' is not a decimal number
F_SAS_GARANTIE_BM.csv;SGAR_GAD_TX1;3,30;Value '3,30' is not a decimal number
F_SAS_GARANTIE_BM.csv;SGAR_GAD_TX1;0,31;Value '0,31' is not a decimal number
F_SAS_GARANTIE_BM.csv;SGAR_GAD_TX1;3,19;Value '3,19' is not a decimal number
F_SAS_GARANTIE_BM.csv;SGAR_GAD_TX1;3,25;Value '3,25' is not a decimal number
F_SAS_GARANTIE_BM.csv;SGAR_GAD_TX1;3,45;Value '3,45' is not a decimal number
F_SAS_GARANTIE_BM.csv;SGAR_GAD_TX1;.13;Value '.13' does not correspond to the number format (14,2)
F_SAS_GARANTIE_BM.csv;SGAR_GAD_TX1;.73;Value '.73' does not correspond to the number format (14,2)
F_SAS_GARANTIE_BM.csv;SGAR_GAD_TX1;.53;Value '.53' does not correspond to the number format (14,2)
F_SAS_GARANTIE_BM.csv;SGAR_GAD_TX1;.2;Value '.2' does not correspond to the number format (14,2)
F_SAS_GARANTIE_BM.csv;SGAR_GAD_TX1;.15;Value '.15' does not correspond to the number format (14,2)
F_SAS_GARANTIE_BM.csv;SGAR_GAD_TX1;.8;Value '.8' does not correspond to the number format (14,2)
F_SAS_GARANTIE_BM.csv;SGAR_GAD_TX1;.1;Value '.1' does not correspond to the number format (14,2)
F_SAS_GARANTIE_BM.csv;SGAR_GAD_TX1;.25;Value '.25' does not correspond to the number format (14,2)
F_SAS_GARANTIE_BM.csv;SGAR_GAD_TX1;.12;Value '.12' does not correspond to the number format (14,2)
F_SAS_GARANTIE_BM.csv;SGAR_GAD_TX1;.18;Value '.18' does not correspond to the number format (14,2)
F_SAS_GARANTIE_BM.csv;SGAR_GAD_TX1;.54;Value '.54' does not correspond to the number format (14,2)
F_SAS_GARANTIE_BM.csv;SGAR_GAD_TX1;.27;Value '.27' does not correspond to the number format (14,2)
F_SAS_GARANTIE_BM.csv;SGAR_GAD_TX1;.34;Value '.34' does not correspond to the number format (14,2)
F_SAS_GARANTIE_BM.csv;SGAR_GAD_TX1;.23;Value '.23' does not correspond to the number format (14,2)
F_SAS_GARANTIE_BM.csv;SGAR_GAD_TX1;.5;Value '.5' does not correspond to the number format (14,2)
F_SAS_GARANTIE_BM.csv;SGAR_GAD_TX1;.01;Value '.01' does not correspond to the number format (14,2)
F_SAS_GARANTIE_BM.csv;SGAR_GAD_TX1;.56;Value '.56' does not correspond to the number format (14,2)
F_SAS_GARANTIE_BM.csv;SGAR_GAD_TX1;.52;Value '.52' does not correspond to the number format (14,2)
F_SAS_GARANTIE_BM.csv;SGAR_GAD_TX1;.36;Value '.36' does not correspond to the number format (14,2)
F_SAS_GARANTIE_BM.csv;SGAR_GAD_TX1;.79;Value '.79' does not correspond to the number format (14,2)
F_SAS_GARANTIE_BM.csv;SGAR_GAD_TX1;.88;Value '.88' does not correspond to the number format (14,2)
F_SAS_GARANTIE_BM.csv;SGAR_GAD_TX1;.87;Value '.87' does not correspond to the number format (14,2)
F_SAS_GARANTIE_BM.csv;SGAR_GAD_TX1;.16;Value '.16' does not correspond to the number format (14,2)
F_SAS_GARANTIE_BM.csv;SGAR_GAD_TX1;.24;Value '.24' does not correspond to the number format (14,2)
F_SAS_GARANTIE_BM.csv;SGAR_GAD_TX1;.68;Value '.68' does not correspond to the number format (14,2)
F_SAS_GARANTIE_BM.csv;SGAR_GAD_TX1;.45;Value '.45' does not correspond to the number format (14,2)
F_SAS_GARANTIE_BM.csv;SGAR_GAD_TX1;.58;Value '.58' does not correspond to the number format (14,2)
F_SAS_GARANTIE_BM.csv;SGAR_GAD_TX1;.21;Value '.21' does not correspond to the number format (14,2)
F_SAS_GARANTIE_BM.csv;SGAR_GAD_TX1;.38;Value '.38' does not correspond to the number format (14,2)
F_SAS_GARANTIE_BM.csv;SGAR_GAD_TX1;.28;Value '.28' does not correspond to the number format (14,2)
F_SAS_GARANTIE_BM.csv;SGAR_GAD_TX1;.65;Value '.65' does not correspond to the number format (14,2)
F_SAS_GARANTIE_BM.csv;SGAR_GAD_TX1;.02;Value '.02' does not correspond to the number format (14,2)
F_SAS_GARANTIE_BM.csv;SGAR_GAD_TX1;.31;Value '.31' does not correspond to the number format (14,2)
F_SAS_GARANTIE_BM.csv;SGAR_GAD_TX1;.77;Value '.77' does not correspond to the number format (14,2)
F_SAS_GARANTIE_BM.csv;SGAR_GAD_TX1;.39;Value '.39' does not correspond to the number format (14,2)
F_SAS_GARANTIE_BM.csv;SGAR_GAD_TX1;.35;Value '.35' does not correspond to the number format (14,2)
F_SAS_GARANTIE_BM.csv;SGAR_GAD_TX1;.61;Value '.61' does not correspond to the number format (14,2)
F_SAS_GARANTIE_BM.csv;SGAR_GAD_TX1;.26;Value '.26' does not correspond to the number format (14,2)
F_SAS_GARANTIE_BM.csv;SGAR_GAD_TX1;.46;Value '.46' does not correspond to the number format (14,2)
F_SAS_GARANTIE_BM.csv;SGAR_GAD_TX1;.4;Value '.4' does not correspond to the number format (14,2)
F_SAS_GARANTIE_BM.csv;SGAR_GAD_TX1;.62;Value '.62' does not correspond to the number format (14,2)
F_SAS_GARANTIE_BM.csv;SGAR_GAD_TX1;.29;Value '.29' does not correspond to the number format (14,2)
F_SAS_GARANTIE_BM.csv;SGAR_GAD_TX1;.03;Value '.03' does not correspond to the number format (14,2)
F_SAS_GARANTIE_BM.csv;SGAR_GAD_TX1;.37;Value '.37' does not correspond to the number format (14,2)
F_SAS_GARANTIE_BM.csv;SGAR_GAD_TX1;.51;Value '.51' does not correspond to the number format (14,2)
F_SAS_GARANTIE_BM.csv;SGAR_GAD_TX1;.71;Value '.71' does not correspond to the number format (14,2)
F_SAS_GARANTIE_BM.csv;SGAR_GAD_TX1;.17;Value '.17' does not correspond to the number format (14,2)
F_SAS_GARANTIE_BM.csv;SGAR_GAD_TX1;.98;Value '.98' does not correspond to the number format (14,2)
F_SAS_GARANTIE_BM.csv;SGAR_GAD_TX1;.3;Value '.3' does not correspond to the number format (14,2)
F_SAS_GARANTIE_BM.csv;SGAR_GAD_TX1;.59;Value '.59' does not correspond to the number format (14,2)
F_SAS_GARANTIE_BM.csv;SGAR_GAD_TX1;.91;Value '.91' does not correspond to the number format (14,2)
F_SAS_GARANTIE_BM.csv;SGAR_GAD_TX1;.09;Value '.09' does not correspond to the number format (14,2)
F_SAS_GARANTIE_BM.csv;SGAR_GAD_TX1;.66;Value '.66' does not correspond to the number format (14,2)
F_SAS_GARANTIE_BM.csv;SGAR_GAD_TX1;.97;Value '.97' does not correspond to the number format (14,2)
F_SAS_GARANTIE_BM.csv;SGAR_GAD_TX1;.14;Value '.14' does not correspond to the number format (14,2)
F_SAS_GARANTIE_BM.csv;SGAR_GAD_TX1;.69;Value '.69' does not correspond to the number format (14,2)
F_SAS_GARANTIE_BM.csv;SGAR_GAD_TX1;.78;Value '.78' does not correspond to the number format (14,2)
F_SAS_GARANTIE_BM.csv;SGAR_GAD_TX1;.75;Value '.75' does not correspond to the number format (14,2)
F_SAS_GARANTIE_BM.csv;SGAR_GAD_TX1;.42;Value '.42' does not correspond to the number format (14,2)
F_SAS_GARANTIE_BM.csv;SGAR_GAD_TX1;.41;Value '.41' does not correspond to the number format (14,2)
F_SAS_GARANTIE_BM.csv;SGAR_GAD_TX1;.08;Value '.08' does not correspond to the number format (14,2)
F_SAS_GARANTIE_BM.csv;SGAR_GAD_TX1;.63;Value '.63' does not correspond to the number format (14,2)
F_SAS_GARANTIE_BM.csv;SGAR_GAD_TX1;.19;Value '.19' does not correspond to the number format (14,2)
F_SAS_GARANTIE_BM.csv;SGAR_GAD_TX1;.72;Value '.72' does not correspond to the number format (14,2)
F_SAS_GARANTIE_BM.csv;SGAR_GAD_TX1;.22;Value '.22' does not correspond to the number format (14,2)
F_SAS_GARANTIE_BM.csv;SGAR_GAD_TX1;.48;Value '.48' does not correspond to the number format (14,2)
F_SAS_GARANTIE_BM.csv;SGAR_GAD_TX1;.64;Value '.64' does not correspond to the number format (14,2)
F_SAS_GARANTIE_BM.csv;SGAR_GAD_TX1;.67;Value '.67' does not correspond to the number format (14,2)
F_SAS_GARANTIE_BM.csv;SGAR_GAD_TX1;.55;Value '.55' does not correspond to the number format (14,2)
F_SAS_GARANTIE_BM.csv;SGAR_GAD_TX1;.81;Value '.81' does not correspond to the number format (14,2)
F_SAS_GARANTIE_BM.csv;SGAR_GAD_TX1;.76;Value '.76' does not correspond to the number format (14,2)
F_SAS_GARANTIE_BM.csv;SGAR_GAD_TX1;.7;Value '.7' does not correspond to the number format (14,2)
F_SAS_GARANTIE_BM.csv;SGAR_GAD_TX1;.6;Value '.6' does not correspond to the number format (14,2)
F_SAS_GARANTIE_BM.csv;SGAR_GAD_TX1;.11;Value '.11' does not correspond to the number format (14,2)
F_SAS_GARANTIE_BM.csv;SGAR_GAD_TX1;.84;Value '.84' does not correspond to the number format (14,2)
F_SAS_GARANTIE_BM.csv;SGAR_GAD_TX1;.86;Value '.86' does not correspond to the number format (14,2)
F_SAS_GARANTIE_BM.csv;SGAR_GAD_TX1;.89;Value '.89' does not correspond to the number format (14,2)
F_SAS_GARANTIE_BM.csv;SGAR_GAD_TX1;.96;Value '.96' does not correspond to the number format (14,2)
F_SAS_GARANTIE_BM.csv;SGAR_GAD_TX1;.33;Value '.33' does not correspond to the number format (14,2)
F_SAS_GARANTIE_BM.csv;SGAR_GAD_TX1;.92;Value '.92' does not correspond to the number format (14,2)
F_SAS_GARANTIE_BM.csv;SGAR_GAD_TX1;.47;Value '.47' does not correspond to the number format (14,2)
F_SAS_GARANTIE_BM.csv;SGAR_GAD_TX1;.49;Value '.49' does not correspond to the number format (14,2)
F_SAS_GARANTIE_BM.csv;SGAR_GAD_TX1;.32;Value '.32' does not correspond to the number format (14,2)
F_SAS_GARANTIE_BM.csv;SGAR_GAD_TX1;.85;Value '.85' does not correspond to the number format (14,2)
F_SAS_GARANTIE_BM.csv;SGAR_GAD_TX1;.57;Value '.57' does not correspond to the number format (14,2)
F_SAS_GARANTIE_BM.csv;SGAR_GAD_TX1;.9;Value '.9' does not correspond to the number format (14,2)
F_SAS_GARANTIE_BM.csv;SGAR_GAD_TX1;.44;Value '.44' does not correspond to the number format (14,2)
F_SAS_GARANTIE_BM.csv;SGAR_GAD_TX1;.06;Value '.06' does not correspond to the number format (14,2)
F_SAS_GARANTIE_BM.csv;SGAR_GAD_TX1;.07;Value '.07' does not correspond to the number format (14,2)
F_SAS_GARANTIE_BM.csv;SGAR_GAD_TX1;.82;Value '.82' does not correspond to the number format (14,2)
F_SAS_GARANTIE_BM.csv;SGAR_GAD_TX1;.43;Value '.43' does not correspond to the number format (14,2)
F_SAS_GARANTIE_BM.csv;SGAR_GAD_TX1;.83;Value '.83' does not correspond to the number format (14,2)
F_SAS_GARANTIE_BM.csv;SGAR_GAD_TX1;.74;Value '.74' does not correspond to the number format (14,2)
F_SAS_GARANTIE_BM.csv;SGAR_GAD_TX1;.94;Value '.94' does not correspond to the number format (14,2)
F_SAS_GARANTIE_BM.csv;SGAR_GAD_TX1;.93;Value '.93' does not correspond to the number format (14,2)
F_SAS_GARANTIE_BM.csv;SGAR_GAD_TX1;.99;Value '.99' does not correspond to the number format (14,2)
F_SAS_GARANTIE_BM.csv;SGAR_GAD_TX1;.95;Value '.95' does not correspond to the number format (14,2)
F_SAS_GARANTIE_BM.csv;SGAR_GAD_TX1;.04;Value '.04' does not correspond to the number format (14,2)
F_SAS_GARANTIE_BM.csv;SGAR_GAD_TX1;.05;Value '.05' does not correspond to the number format (14,2)
